Method,Seed,EquivalenceOracle,CTT,Extra States,Random Infix Length,Cache,SUL name,Qsize,Isize,TreeType,Learning queries/symbols,Testing queries/symbols,HypSize,OTreeSize,MQ [Resets],MQ [Symbols],EQ [Resets],EQ [Symbols],Rounds,Learning [ms],Equivalent
"L# (SepSeq, SepSeq)",81,"(SouchaSPYH, 1, 1)",SouchaSPYH,1,1,Y,OpenSSL_1.0.1l_client_regular.dot,6,7,Compressed,"['7/7', '7/21', '22/61', '11/44', '16/79', '15/89']","['7/14', '1/3', '103/377', '103/441', '82/492']","[1, 2, 3, 4, 5]",84712,78,301,296,1327,6,12,OK
"L# (SepSeq, SepSeq)",81,"(SouchaSPY, 2, 1)",SouchaSPY,2,1,Y,4_learnresult_SecureCode Aut_fix.dot,4,14,Compressed,"['14/14', '33/108', '33/153']","['9/18', '959/4697']","[1, 3]",188820,80,275,968,4715,3,87,OK
"L# (SepSeq, SepSeq)",81,"(SouchaSPY, 2, 1)",SouchaSPY,2,1,Y,DropBear.dot,17,13,Compressed,"['13/13', '25/63', '132/619', '81/331', '30/119', '46/265', '79/580', '40/319', '42/331', '44/351', '50/442', '41/368']","['1/2', '5/20', '41/164', '7710/38415', '9380/53987', '3409/24326', '12936/105192', '382/2632', '97/870', '4752/43716', '1962/19620']","[1, 2, 7, 8, 9, 10, 12, 13, 14, 15, 16]",6116212,623,3801,40675,288944,12,7310,OK
"L# (SepSeq, SepSeq)",81,"(SouchaSPYH, 2, 1)",SouchaSPYH,2,1,Y,GnuTLS_3.3.8_server_full.dot,16,11,Compressed,"['11/11', '21/53', '19/54', '54/226', '33/172', '5/24', '6/30', '12/72', '14/84', '11/62', '4/21', '4/25', '4/22']","['1/2', '14/56', '415/1660', '3335/17027', '429/2552', '660/3959', '2719/17798', '375/2621', '1682/12119', '2/10', '240/1423', '1368/8323']","[1, 2, 3, 6, 8, 9, 10, 11, 12, 13, 14, 15]",1635460,198,856,11240,67550,13,906,OK
"L# (SepSeq, SepSeq)",81,"(SouchaSPY, 2, 1)",SouchaSPY,2,1,Y,GnuTLS_3.3.8_client_full.dot,15,12,Compressed,"['12/12', '23/58', '12/35', '24/94', '20/80', '20/99', '21/106', '34/222', '12/76', '6/40', '3/23']","['1/2', '514/2056', '159/636', '575/2875', '4636/25073', '86/516', '2584/16958', '3974/30400', '3223/24173', '8802/63555']","[1, 2, 3, 5, 6, 7, 8, 10, 12, 14]",3345736,187,845,24554,166244,11,878,OK
"L# (SepSeq, SepSeq)",81,"(SouchaSPYH, 2, 1)",SouchaSPYH,2,1,Y,TCP_Linux_Server.dot,57,12,Compressed,"['12/12', '17/46', '32/110', '75/343', '22/125', '169/1301', '165/1031', '58/438', '35/258', '50/271', '47/426', '52/381', '42/312', '51/485', '48/397', '50/412', '49/416', '51/519', '53/444', '168/1428', '59/592', '181/1739', '52/489', '115/1304', '66/650', '49/505', '75/760', '53/533', '27/284', '60/652', '56/511', '71/733', '75/905', '242/3129', '68/910', '63/864', '72/1059']","['91/182', '85/340', '2229/11757', '3585/18492', '375/2598', '1942/11201', '12/64', '3881/25384', '1/7', '7825/57217', '1064/8501', '290/2312', '1075/8599', '14780/115179', '4144/33994', '783/6169', '2220/19973', '5306/46992', '921/8236', '13684/117002', '1212/10835', '6611/61324', '1438/13564', '3958/34923', '11970/118689', '17138/179357', '3326/36403', '8251/90619', '6919/77506', '10548/122896', '13687/159498', '32803/417612', '12101/143422', '38801/481607', '31619/384767', '13086/196297']","[1, 2, 3, 6, 7, 12, 17, 18, 19, 20, 21, 22, 23, 24, 25, 26, 27, 28, 29, 33, 34, 37, 38, 40, 41, 42, 44, 45, 46, 47, 48, 49, 50, 54, 55, 56]",50098648,2630,24774,277761,3023518,37,5249179,OK
"L# (SepSeq, SepSeq)",81,"(SouchaSPYH, 2, 1)",SouchaSPYH,2,1,Y,GnuTLS_3.3.12_client_full.dot,9,12,Compressed,"['12/12', '23/58', '16/46', '20/77', '17/68', '18/89', '22/110', '15/89']","['1/2', '51/204', '1237/4948', '1827/9133', '4652/25054', '91/546', '2083/13421']","[1, 2, 3, 5, 6, 7, 8]",1554524,143,549,9942,53308,8,316,OK
"L# (SepSeq, SepSeq)",81,"(SouchaSPY, 2, 1)",SouchaSPY,2,1,Y,NSS_3.17.4_client_regular.dot,7,8,Compressed,"['8/8', '15/38', '3/9', '2/8', '8/40', '14/92']","['1/2', '376/1667', '382/1910', '558/3220', '204/1364']","[1, 2, 3, 4, 5]",223052,50,195,1521,8163,6,59,OK
"L# (SepSeq, SepSeq)",81,"(SouchaSPYH, 1, 1)",SouchaSPYH,1,1,Y,OpenSSL_1.0.2_client_regular.dot,6,7,Compressed,"['7/7', '7/21', '22/61', '11/44', '16/79', '15/89']","['7/14', '1/3', '103/377', '103/441', '82/492']","[1, 2, 3, 4, 5]",84712,78,301,296,1327,6,11,OK
"L# (SepSeq, SepSeq)",81,"(SouchaSPY, 1, 1)",SouchaSPY,1,1,Y,learnresult_fix.dot,9,15,Compressed,"['15/15', '51/192', '46/200', '83/531', '27/133', '56/240']","['9/18', '52/211', '413/2930', '240/1738', '1124/10149']","[1, 4, 5, 7, 8]",404244,278,1311,1838,15046,6,88,OK
"L# (SepSeq, SepSeq)",81,"(SouchaSPYH, 1, 1)",SouchaSPYH,1,1,Y,OpenSSL_1.0.2_client_full.dot,9,10,Compressed,"['10/10', '12/34', '28/77', '12/46']","['8/16', '2/6', '213/789', '217/929']","[1, 2, 3, 4]",93228,62,167,440,1740,4,9,NOK
"L# (SepSeq, SepSeq)",81,"(SouchaSPYH, 2, 1)",SouchaSPYH,2,1,Y,NSS_3.17.4_server_regular.dot,8,8,Compressed,"['8/8', '20/64', '19/53', '8/32', '7/35', '15/99']","['4/8', '1/4', '1061/5012', '877/4678', '606/3506']","[1, 3, 4, 5, 6]",426052,77,291,2549,13208,6,56,OK
"L# (SepSeq, SepSeq)",81,"(SouchaSPYH, 1, 1)",SouchaSPYH,1,1,Y,miTLS_0.1.3_server_regular.dot,6,8,Compressed,"['8/8', '15/38', '22/81', '32/168']","['9/18', '107/384', '78/334']","[1, 2, 4]",83976,77,295,194,736,4,7,OK
"L# (SepSeq, SepSeq)",81,"(SouchaSPY, 2, 1)",SouchaSPY,2,1,Y,TCP_Windows8_Server.dot,38,13,Compressed,"['13/13', '82/342', '43/207', '120/663', '96/638', '54/324', '47/354', '46/323', '56/411', '12/72', '166/1274', '57/478', '72/594', '141/1156', '54/450', '124/795', '63/575', '84/778', '87/758', '69/641', '34/322', '75/725', '53/478', '141/1412', '82/874']","['98/196', '1873/9230', '569/3536', '3233/18390', '3305/19708', '11565/85839', '2804/22426', '1305/10358', '8274/67264', '4025/28763', '9882/82271', '1065/9585', '19559/175909', '701/6146', '13080/118247', '18467/140457', '5683/46404', '29671/267137', '34310/328226', '21982/220085', '12683/135707', '22774/240632', '34930/380221', '30544/298844']","[1, 5, 6, 8, 11, 12, 13, 14, 15, 16, 20, 21, 22, 24, 25, 27, 28, 30, 32, 33, 34, 35, 36, 37]",49151920,1871,14657,292382,2715581,25,176857,OK
"L# (SepSeq, SepSeq)",81,"(SouchaSPYH, 1, 1)",SouchaSPYH,1,1,Y,TCP_Windows8_Server.dot,38,13,Compressed,"['13/13', '82/342', '47/188', '46/228', '44/261', '151/1045', '49/253', '60/372', '45/331', '59/426', '48/395', '65/355', '116/916', '114/947', '49/364', '53/437', '53/446', '61/569', '120/1078', '81/784', '58/546', '86/806', '139/1351', '76/737', '53/524', '75/654', '153/1657', '79/776']","['98/196', '119/357', '633/3090', '127/664', '438/2105', '516/2564', '327/2022', '546/3033', '576/3421', '221/1259', '201/1253', '1250/8930', '1101/7935', '166/1076', '129/902', '519/3728', '394/3025', '241/1941', '680/4292', '3030/27460', '544/3910', '1274/10425', '3607/28475', '3162/30492', '2896/28752', '2180/20737', '2099/19165']","[1, 5, 6, 7, 8, 12, 13, 14, 15, 16, 17, 18, 20, 21, 22, 23, 24, 25, 27, 29, 30, 31, 33, 34, 35, 36, 37]",5825108,2075,16801,27074,221209,28,8725,OK
"L# (SepSeq, SepSeq)",81,"(SouchaSPYH, 2, 1)",SouchaSPYH,2,1,Y,TCP_FreeBSD_Server.dot,55,13,Compressed,"['13/13', '109/478', '58/212', '38/216', '75/456', '118/807', '43/313', '31/215', '46/380', '23/186', '53/451', '34/268', '145/1472', '84/801', '126/986', '63/378', '21/166', '94/1006', '138/1313', '25/246', '58/519', '52/554', '69/724', '52/510', '32/332', '31/353', '47/505', '93/1094', '217/2718', '75/846', '76/881', '50/736', '71/977', '79/1120', '77/1085', '54/860', '48/782']","['98/196', '160/640', '9168/50893', '286/1516', '876/5183', '14894/104551', '836/6449', '1633/13044', '797/6022', '2848/22399', '22496/190671', '3007/24140', '11121/99069', '275/2189', '37/259', '1574/11494', '8615/77959', '7241/63882', '9826/94461', '7810/77491', '9648/99316', '5013/53042', '17034/175931', '10847/110057', '10283/105977', '47137/508160', '6469/83137', '15058/169683', '16247/181823', '7114/83693', '49406/643606', '4826/62610', '32573/441655', '16309/252138', '28684/424192', '25974/380094']","[1, 6, 7, 8, 10, 14, 15, 16, 17, 18, 19, 20, 24, 26, 29, 30, 31, 33, 35, 36, 37, 38, 39, 40, 41, 42, 43, 44, 47, 48, 49, 50, 51, 52, 53, 54]",93474208,2518,24959,406220,4627622,37,9627317,OK
"L# (SepSeq, SepSeq)",81,"(SouchaSPYH, 1, 1)",SouchaSPYH,1,1,Y,1_learnresult_MasterCard_fix.dot,5,15,Compressed,"['15/15', '21/57', '91/420']","['54/108', '331/1145']","[1, 2]",92392,127,492,385,1253,3,6,OK
"L# (SepSeq, SepSeq)",81,"(SouchaSPY, 1, 1)",SouchaSPY,1,1,Y,OpenSSL_1.0.2_client_full.dot,9,10,Compressed,"['10/10', '12/34', '29/80', '15/58']","['8/16', '1/3', '188/704', '360/1992']","[1, 2, 3, 4]",101508,66,182,557,2715,4,10,NOK
"L# (SepSeq, SepSeq)",81,"(SouchaSPY, 2, 1)",SouchaSPY,2,1,Y,4_learnresult_PIN_fix.dot,6,14,Compressed,"['14/14', '47/178', '44/211', '28/138']","['9/18', '957/4685', '2238/13084']","[1, 4, 5]",727640,133,541,3204,17787,4,355,OK
"L# (SepSeq, SepSeq)",81,"(SouchaSPY, 1, 1)",SouchaSPY,1,1,Y,GnuTLS_3.3.8_server_regular.dot,12,8,Compressed,"['8/8', '15/38', '20/68', '10/39', '20/105', '8/40', '3/18', '6/32', '3/16', '3/20']","['1/2', '23/80', '31/124', '38/172', '2/10', '345/2087', '77/550', '114/740', '147/889']","[1, 2, 4, 5, 7, 8, 9, 10, 11]",108936,96,384,778,4654,10,29,OK
"L# (SepSeq, SepSeq)",81,"(SouchaSPY, 1, 1)",SouchaSPY,1,1,Y,GnuTLS_3.3.8_server_full.dot,16,11,Compressed,"['11/11', '21/53', '17/48', '47/197', '23/124', '12/59', '10/60', '7/32', '3/18', '5/28', '4/21', '5/31', '3/17']","['1/2', '37/120', '49/183', '191/885', '24/120', '200/1115', '204/1224', '508/3282', '135/956', '182/1181', '264/1613', '188/1278']","[1, 2, 3, 6, 8, 9, 10, 11, 12, 13, 14, 15]",373392,168,699,1983,11959,13,105,OK
"L# (SepSeq, SepSeq)",81,"(SouchaSPYH, 1, 1)",SouchaSPYH,1,1,Y,GnuTLS_3.3.12_server_regular.dot,7,8,Compressed,"['8/8', '15/38', '18/61', '7/28', '21/111']","['1/2', '7/21', '117/433', '150/749']","[1, 2, 4, 5]",87488,69,246,275,1205,5,12,OK
"L# (SepSeq, SepSeq)",81,"(SouchaSPY, 2, 1)",SouchaSPY,2,1,Y,model3.dot,58,22,Compressed,"['22/22', '166/794', '107/481', '106/657', '64/461', '65/297', '153/1380', '77/646', '51/320', '86/652', '134/1073', '52/375', '361/3063', '184/1595', '61/636', '122/1251', '96/553', '71/776', '123/1342', '107/1122', '190/1642', '133/1067', '190/1679', '197/1941', '124/1359', '82/978', '133/1519', '226/1992', '82/985', '90/1071', '131/1460', '90/1055']","['10/20', '747/2993', '2572/12831', '1188/5937', '34/139', '322/1606', '35/175', '8744/49881', '81/404', '12237/73414', '35302/224348', '16159/113099', '1/6', '49612/345089', '15/105', '20346/142394', '102/650', '30/210', '3380/23588', '4010/28249', '16155/120936', '26440/211472', '29932/238979', '36581/291919', '15007/120034', '74/592', '28424/226865', '13622/108905', '339631/3107057', '13931/138586', '56692/551999']","[1, 8, 10, 12, 13, 14, 18, 19, 20, 21, 24, 25, 31, 33, 34, 35, 36, 37, 38, 40, 42, 44, 46, 48, 50, 51, 52, 54, 55, 56, 57]",109057892,3876,34244,731416,6142482,32,9685942,OK
"L# (SepSeq, SepSeq)",81,"(SouchaSPYH, 2, 1)",SouchaSPYH,2,1,Y,Rabo_learnresult_MAESTRO_fix.dot,6,14,Compressed,"['14/14', '47/178', '44/211', '29/143']","['9/18', '4430/20809', '12562/85110']","[1, 4, 5]",3052984,134,546,17001,105937,4,219,OK
"L# (SepSeq, SepSeq)",81,"(SouchaSPYH, 2, 1)",SouchaSPYH,2,1,Y,NSS_3.17.4_client_full.dot,11,12,Compressed,"['12/12', '23/58', '11/32', '13/51', '2/10', '7/28', '20/101', '26/168']","['1/2', '1145/4580', '275/1100', '3688/18876', '1307/7842', '2002/10428', '4363/29396']","[1, 2, 3, 4, 5, 7, 9]",1654328,114,460,12781,72224,8,283,OK
"L# (SepSeq, SepSeq)",81,"(SouchaSPYH, 1, 1)",SouchaSPYH,1,1,Y,OpenSSH.dot,31,22,Compressed,"['22/22', '43/108', '102/292', '86/255', '60/230', '162/728', '67/257', '81/404', '140/744', '88/441', '92/539', '120/719', '89/530', '80/463', '81/485', '61/418', '78/536', '77/535', '67/494', '99/771', '40/373']","['1/2', '3/9', '230/690', '443/1633', '1002/3936', '307/1174', '2769/12715', '8/40', '817/3988', '1482/8504', '1255/7350', '2084/10471', '341/1857', '3368/20645', '2321/14140', '868/5244', '4473/30443', '3405/23923', '3154/22041', '8075/68820', '8904/79598']","[1, 2, 4, 5, 6, 9, 10, 11, 13, 14, 15, 17, 18, 19, 20, 21, 22, 23, 24, 25, 27]",6710532,1735,9344,45310,317223,21,4498,NOK
"L# (SepSeq, SepSeq)",81,"(SouchaSPY, 1, 1)",SouchaSPY,1,1,Y,ASN_learnresult_SecureCode Aut_fix.dot,4,14,Compressed,"['14/14', '33/108', '41/181']","['9/18', '49/199']","[1, 3]",77168,88,303,58,217,3,6,OK
"L# (SepSeq, SepSeq)",81,"(SouchaSPY, 2, 1)",SouchaSPY,2,1,Y,OpenSSL_1.0.1l_client_regular.dot,6,7,Compressed,"['7/7', '7/21', '23/64', '9/36', '11/55', '9/54']","['7/14', '1/4', '719/3391', '652/3748', '297/1999']","[1, 2, 3, 4, 5]",368260,66,237,1676,9156,6,71,OK
"L# (SepSeq, SepSeq)",81,"(SouchaSPYH, 2, 1)",SouchaSPYH,2,1,Y,RSA_BSAFE_Java_6.1.1_server_regular.dot,6,8,Compressed,"['8/8', '15/38', '8/24', '7/28', '11/63']","['1/2', '127/508', '957/4557', '367/2010']","[1, 2, 3, 4]",222676,49,161,1452,7077,5,27,OK
"L# (SepSeq, SepSeq)",81,"(SouchaSPY, 1, 1)",SouchaSPY,1,1,Y,GnuTLS_3.3.8_client_full.dot,15,12,Compressed,"['12/12', '23/58', '13/38', '4/16']","['1/2', '89/410', '117/454', '278/1600']","[1, 2, 3, 4]",93680,52,124,485,2466,4,12,NOK
"L# (SepSeq, SepSeq)",81,"(SouchaSPYH, 1, 1)",SouchaSPYH,1,1,Y,GnuTLS_3.3.12_client_regular.dot,7,8,Compressed,"['8/8', '15/38', '18/61', '7/28', '21/111']","['1/2', '7/21', '117/433', '150/749']","[1, 2, 4, 5]",87488,69,246,275,1205,5,12,OK
"L# (SepSeq, SepSeq)",81,"(SouchaSPYH, 1, 1)",SouchaSPYH,1,1,Y,GnuTLS_3.3.12_server_full.dot,9,12,Compressed,"['12/12', '23/58', '16/47', '14/54', '17/66', '50/256']","['1/2', '33/99', '279/1036', '1/3', '117/534']","[1, 2, 3, 4, 5]",92768,132,493,431,1674,6,19,OK
"L# (SepSeq, SepSeq)",81,"(SouchaSPYH, 1, 1)",SouchaSPYH,1,1,Y,Volksbank_learnresult_MAESTRO_fix.dot,7,14,Compressed,"['14/14', '19/52', '28/109', '50/274', '68/369']","['51/102', '294/1024', '202/977', '135/665']","[1, 2, 3, 5]",98132,179,818,682,2768,5,18,OK
"L# (SepSeq, SepSeq)",81,"(SouchaSPYH, 2, 1)",SouchaSPYH,2,1,Y,Rabo_learnresult_SecureCode_Aut_fix.dot,6,15,Compressed,"['15/15', '36/117', '35/163', '63/342']","['9/18', '5525/25851', '10877/73611']","[1, 3, 4]",3176440,149,637,16411,99480,4,184,OK
"L# (SepSeq, SepSeq)",81,"(SouchaSPYH, 2, 1)",SouchaSPYH,2,1,Y,OpenSSL_1.0.2_client_full.dot,9,10,Compressed,"['10/10', '12/34', '29/79', '61/228', '24/121', '27/134', '24/145']","['8/16', '1/4', '703/2812', '3655/19358', '776/3379', '1492/9839']","[1, 2, 3, 6, 7, 8]",1467276,187,751,6635,35408,7,192,OK
"L# (SepSeq, SepSeq)",81,"(SouchaSPYH, 1, 1)",SouchaSPYH,1,1,Y,Rabo_learnresult_MAESTRO_fix.dot,6,14,Compressed,"['14/14', '47/178', '46/221', '29/142']","['9/18', '342/1270', '461/2140']","[1, 4, 5]",183360,136,555,812,3428,4,16,OK
"L# (SepSeq, SepSeq)",81,"(SouchaSPY, 2, 1)",SouchaSPY,2,1,Y,OpenSSL_1.0.2_client_regular.dot,6,7,Compressed,"['7/7', '7/21', '23/64', '9/36', '11/55', '9/54']","['7/14', '1/4', '719/3391', '652/3748', '297/1999']","[1, 2, 3, 4, 5]",368260,66,237,1676,9156,6,60,OK
"L# (SepSeq, SepSeq)",81,"(SouchaSPYH, 2, 1)",SouchaSPYH,2,1,Y,GnuTLS_3.3.12_server_full.dot,9,12,Compressed,"['12/12', '23/58', '18/52', '47/200', '28/151', '6/37']","['1/2', '3/12', '467/1868', '5328/27464', '4338/28679']","[1, 2, 3, 6, 8]",1569436,134,510,10137,58025,6,201,OK
"L# (SepSeq, SepSeq)",81,"(SouchaSPYH, 2, 1)",SouchaSPYH,2,1,Y,OpenSSH.dot,31,22,Compressed,"['22/22', '43/108', '102/292', '92/316', '58/216', '109/471', '67/253', '49/243', '260/1477', '82/409', '86/429', '80/478', '91/527', '88/521', '103/609', '97/663', '94/638', '96/657', '54/421', '115/894', '60/514', '42/272', '58/614']","['1/2', '2/8', '388/1552', '282/1125', '28175/135303', '510/2382', '55488/315585', '573/3121', '20484/115002', '32111/209274', '5935/38514', '11078/68765', '10565/73695', '17974/125717', '47560/342411', '13885/98363', '68209/542620', '83873/673829', '27460/221222', '141430/1261343', '12156/81901', '272469/2730745']","[1, 2, 4, 5, 6, 8, 9, 10, 14, 15, 16, 17, 18, 19, 20, 21, 22, 23, 24, 25, 27, 29]",189689464,1948,11044,850608,7042479,23,2348106,OK
"L# (SepSeq, SepSeq)",81,"(SouchaSPYH, 1, 1)",SouchaSPYH,1,1,Y,OpenSSL_1.0.1g_client_regular.dot,10,7,Compressed,"['7/7', '7/21', '21/58', '12/46', '12/48', '19/104', '5/25', '11/66', '14/97']","['7/14', '1/3', '88/317', '47/153', '49/229', '87/410', '77/452', '156/1047']","[1, 2, 3, 4, 5, 7, 8, 9]",92356,108,472,512,2625,9,22,OK
"L# (SepSeq, SepSeq)",81,"(SouchaSPY, 1, 1)",SouchaSPY,1,1,Y,TCP_Windows8_Client.dot,13,10,Compressed,"['10/10', '18/46', '116/601', '50/256', '31/159', '32/222', '23/124', '38/231']","['22/44', '2/6', '150/711', '343/1774', '324/1944', '228/1367', '452/2783']","[1, 2, 7, 9, 10, 11, 12]",363868,318,1649,1521,8629,8,82,OK
"L# (SepSeq, SepSeq)",81,"(SouchaSPYH, 2, 1)",SouchaSPYH,2,1,Y,model1.dot,35,15,Compressed,"['15/15', '403/5471', '43/701', '42/651', '66/1085', '49/981', '84/1442', '45/765', '48/999']","['2/4', '2823/12236', '6637/34272', '924/5418', '13682/89965', '689/4823', '27512/208878', '46610/416277']","[1, 27, 28, 29, 30, 31, 33, 34]",13648492,795,12110,98879,771873,9,131838,OK
"L# (SepSeq, SepSeq)",81,"(SouchaSPYH, 1, 1)",SouchaSPYH,1,1,Y,DropBear.dot,17,13,Compressed,"['13/13', '25/63', '81/260', '64/199', '48/257', '36/221', '47/273', '77/566', '44/343', '45/349', '44/368', '46/363', '51/452']","['1/2', '29/87', '20/60', '565/2287', '801/4075', '82/409', '419/2576', '1110/6656', '495/2718', '848/6872', '229/1888', '1139/11209']","[1, 2, 5, 6, 8, 9, 10, 12, 13, 14, 15, 16]",1430524,621,3727,5738,38839,13,299,OK
"L# (SepSeq, SepSeq)",81,"(SouchaSPYH, 2, 1)",SouchaSPYH,2,1,Y,4_learnresult_SecureCode Aut_fix.dot,4,14,Compressed,"['14/14', '33/108', '33/153']","['9/18', '4430/20809']","[1, 3]",744548,80,275,4439,20827,3,60,OK
"L# (SepSeq, SepSeq)",81,"(SouchaSPYH, 2, 1)",SouchaSPYH,2,1,Y,10_learnresult_MasterCard_fix.dot,6,14,Compressed,"['14/14', '47/178', '44/211', '29/143']","['9/18', '4430/20809', '12562/85110']","[1, 4, 5]",3052984,134,546,17001,105937,4,227,OK
"L# (SepSeq, SepSeq)",81,"(SouchaSPYH, 1, 1)",SouchaSPYH,1,1,Y,OpenSSL_1.0.1j_client_regular.dot,6,7,Compressed,"['7/7', '7/21', '22/61', '11/44', '16/79', '15/89']","['7/14', '1/3', '103/377', '103/441', '82/492']","[1, 2, 3, 4, 5]",84712,78,301,296,1327,6,14,OK
"L# (SepSeq, SepSeq)",81,"(SouchaSPY, 1, 1)",SouchaSPY,1,1,Y,model4.dot,34,14,Compressed,"['14/14', '27/68', '42/158', '159/746', '109/593', '50/298', '393/2906', '64/531', '54/302', '57/369', '227/1662', '110/860', '70/529', '193/1649', '18/137', '51/297', '43/332', '44/330', '15/146', '21/198', '120/1144']","['1/2', '174/1041', '14/74', '273/1534', '339/2655', '22/127', '588/4473', '812/7768', '661/5574', '2284/22872', '774/5968', '204/1728', '657/4902', '231/1608', '33/163', '1129/9287', '316/2530', '709/5999', '209/1800', '4624/48874']","[1, 2, 3, 7, 9, 10, 15, 16, 18, 19, 23, 24, 25, 27, 28, 29, 30, 31, 32, 33]",3129916,1881,13269,14054,128979,21,2835,OK
"L# (SepSeq, SepSeq)",81,"(SouchaSPYH, 2, 1)",SouchaSPYH,2,1,Y,NSS_3.17.4_client_regular.dot,7,8,Compressed,"['8/8', '15/38', '7/21', '3/12', '8/40', '16/105']","['1/2', '379/1516', '817/4085', '571/3298', '208/1392']","[1, 2, 3, 4, 5]",391988,57,224,1976,10293,6,42,OK
"L# (SepSeq, SepSeq)",81,"(SouchaSPYH, 2, 1)",SouchaSPYH,2,1,Y,OpenSSL_1.0.2_server_regular.dot,7,7,Compressed,"['7/7', '10/27', '23/63', '11/33', '16/63', '32/174']","['4/8', '1/4', '1/4', '893/4269', '252/1318']","[1, 2, 3, 4, 5]",190136,99,367,1151,5603,6,35,OK
"L# (SepSeq, SepSeq)",81,"(SouchaSPY, 1, 1)",SouchaSPY,1,1,Y,OpenSSL_1.0.1j_server_regular.dot,11,7,Compressed,"['7/7', '10/27', '20/65', '21/94', '17/56', '68/395']","['4/8', '15/55', '54/199', '25/101', '193/867']","[1, 2, 3, 5, 6]",88584,143,644,291,1230,6,16,OK
"L# (SepSeq, SepSeq)",81,"(SouchaSPYH, 1, 1)",SouchaSPYH,1,1,Y,TCP_FreeBSD_Client.dot,12,10,Compressed,"['10/10', '18/46', '61/223', '69/299', '61/351', '69/452']","['22/44', '158/573', '177/744', '200/971', '920/6445']","[1, 2, 5, 7, 10]",360432,288,1381,1477,8777,6,30,OK
"L# (SepSeq, SepSeq)",81,"(SouchaSPY, 1, 1)",SouchaSPY,1,1,Y,BitVise.dot,66,13,Compressed,"['13/13', '51/154', '43/128', '28/106', '30/152', '94/624', '37/253', '48/312', '34/265', '163/1441', '96/810', '166/1572', '95/860', '85/702', '55/523', '44/434', '37/339', '46/457', '47/451', '61/498', '198/2185', '56/513', '88/935', '55/615', '50/539', '59/694', '49/511', '54/623', '48/557', '55/640', '65/820', '53/584', '50/602', '186/2415', '53/643', '55/674', '58/727', '167/2209', '57/659', '59/710', '63/797', '57/793', '72/976']","['1/2', '23/69', '118/452', '567/2424', '63/295', '268/1434', '26/156', '247/1643', '105/732', '129/831', '717/5320', '4/32', '49/392', '1271/10533', '654/5602', '473/4257', '112/1008', '154/1386', '400/3600', '793/7465', '1510/14863', '518/5225', '183/1830', '121/1210', '305/3087', '918/10250', '370/3747', '306/3142', '352/3915', '519/5811', '2007/25443', '609/6353', '753/8935', '682/7791', '1229/14869', '1317/16667', '2121/29386', '2036/24886', '384/4208', '556/6815', '1158/16266', '2534/35888']","[1, 4, 5, 6, 7, 11, 12, 13, 14, 18, 20, 25, 27, 29, 30, 31, 32, 33, 34, 35, 39, 40, 42, 43, 44, 45, 46, 47, 48, 49, 50, 51, 52, 55, 56, 57, 58, 61, 62, 63, 64, 65]",6055408,2980,30515,26662,298220,43,4438,OK
"L# (SepSeq, SepSeq)",81,"(SouchaSPY, 1, 1)",SouchaSPY,1,1,Y,4_learnresult_SecureCode Aut_fix.dot,4,14,Compressed,"['14/14', '33/108', '41/181']","['9/18', '49/199']","[1, 3]",77168,88,303,58,217,3,7,OK
"L# (SepSeq, SepSeq)",81,"(SouchaSPY, 2, 1)",SouchaSPY,2,1,Y,model1.dot,35,15,Compressed,"['15/15', '403/5471', '92/683', '67/656', '48/545', '39/317', '70/697', '39/506']","['2/4', '2570/13670', '151/745', '8078/52402', '2359/16496', '58469/486847', '3417/28449']","[1, 27, 29, 30, 31, 32, 34]",13209556,773,8890,75046,598613,8,15300,OK
"L# (SepSeq, SepSeq)",81,"(SouchaSPY, 2, 1)",SouchaSPY,2,1,Y,Rabo_learnresult_SecureCode_Aut_fix.dot,6,15,Compressed,"['15/15', '36/117', '36/166', '36/210']","['9/18', '1137/5565', '11638/77311']","[1, 3, 4]",2995960,123,508,12784,82894,4,478,OK
"L# (SepSeq, SepSeq)",81,"(SouchaSPY, 2, 1)",SouchaSPY,2,1,Y,GnuTLS_3.3.12_client_full.dot,9,12,Compressed,"['12/12', '23/58', '15/43', '20/78', '19/74', '20/98', '20/100', '15/89']","['1/2', '572/2288', '168/672', '596/2980', '4783/25853', '92/552', '2617/17169']","[1, 2, 3, 5, 6, 7, 8]",1518416,144,552,8829,49516,8,437,OK
"L# (SepSeq, SepSeq)",81,"(SouchaSPY, 1, 1)",SouchaSPY,1,1,Y,Rabo_learnresult_MAESTRO_fix.dot,6,14,Compressed,"['14/14', '47/178', '52/239', '9/44']","['9/18', '49/199', '234/1156']","[1, 4, 5]",88584,122,475,292,1373,4,21,OK
"L# (SepSeq, SepSeq)",81,"(SouchaSPY, 1, 1)",SouchaSPY,1,1,Y,TCP_FreeBSD_Client.dot,12,10,Compressed,"['10/10', '18/46', '58/205', '73/308', '50/290']","['22/44', '1/3', '27/108', '294/1444', '1355/10040']","[1, 2, 5, 7, 10]",377556,209,859,1699,11639,5,34,NOK
"L# (SepSeq, SepSeq)",81,"(SouchaSPY, 1, 1)",SouchaSPY,1,1,Y,10_learnresult_MasterCard_fix.dot,6,14,Compressed,"['14/14', '47/178', '52/239', '9/44']","['9/18', '49/199', '234/1156']","[1, 4, 5]",88584,122,475,292,1373,4,14,OK
"L# (SepSeq, SepSeq)",81,"(SouchaSPYH, 2, 1)",SouchaSPYH,2,1,Y,BitVise.dot,66,13,Compressed,"['13/13', '51/154', '49/166', '28/84', '37/172', '165/971', '32/191', '109/751', '108/854', '176/1515', '100/785', '53/334', '60/428', '137/1154', '51/514', '63/512', '186/1907', '52/478', '32/289', '41/332', '18/162', '76/749', '36/348', '92/961', '21/226', '38/416', '46/498', '105/1240', '77/946', '33/408', '96/1200', '8/113', '45/551', '19/247', '22/293', '12/147', '11/144', '25/342', '22/332']","['1/2', '72/288', '46/184', '1629/8121', '2491/14550', '6436/39403', '44/296', '3693/27295', '1085/8061', '1601/11359', '1440/10677', '2366/16922', '5329/44296', '1075/8307', '3316/28463', '8044/71069', '6528/50247', '2544/21499', '234/1960', '2721/25200', '16435/170109', '1332/12775', '110/1158', '27655/315476', '729/8184', '206/2431', '6728/50983', '20611/255513', '3392/36817', '3859/44942', '7228/90367', '14352/186913', '6236/81084', '3706/49741', '5167/70601', '3833/48919', '13236/190654', '15119/219777']","[1, 4, 5, 6, 7, 13, 14, 17, 20, 25, 27, 28, 29, 32, 33, 34, 38, 39, 40, 41, 42, 44, 45, 47, 48, 49, 50, 52, 54, 56, 58, 59, 60, 61, 62, 63, 64, 65]",27490844,2345,20927,200629,2224643,39,1240648,OK
"L# (SepSeq, SepSeq)",81,"(SouchaSPY, 2, 1)",SouchaSPY,2,1,Y,1_learnresult_MasterCard_fix.dot,5,15,Compressed,"['15/15', '21/57', '69/292', '30/149']","['54/108', '453/1844', '3597/19816']","[1, 2, 4]",790984,135,513,4104,21768,4,531,OK
"L# (SepSeq, SepSeq)",81,"(SouchaSPYH, 2, 1)",SouchaSPYH,2,1,Y,GnuTLS_3.3.12_server_regular.dot,7,8,Compressed,"['8/8', '15/38', '19/64', '11/43', '19/101']","['1/2', '3/12', '857/3969', '391/2089']","[1, 2, 4, 5]",212032,72,254,1252,6072,5,40,OK
"L# (SepSeq, SepSeq)",81,"(SouchaSPY, 1, 1)",SouchaSPY,1,1,Y,miTLS_0.1.3_server_regular.dot,6,8,Compressed,"['8/8', '15/38', '21/74', '38/186']","['9/18', '31/102', '75/319']","[1, 2, 4]",80396,82,306,115,439,4,9,OK
"L# (SepSeq, SepSeq)",81,"(SouchaSPY, 1, 1)",SouchaSPY,1,1,Y,GnuTLS_3.3.12_server_regular.dot,7,8,Compressed,"['8/8', '15/38', '16/54', '5/20', '16/87']","['1/2', '23/80', '36/144', '37/169']","[1, 2, 4, 5]",78524,60,207,97,395,5,10,OK
"L# (SepSeq, SepSeq)",81,"(SouchaSPY, 1, 1)",SouchaSPY,1,1,Y,OpenSSL_1.0.1l_client_regular.dot,6,7,Compressed,"['7/7', '7/21', '22/72', '8/32', '13/64', '9/54']","['7/14', '14/52', '74/273', '88/416', '70/408']","[1, 2, 3, 4, 5]",84668,66,250,253,1163,6,11,OK
"L# (SepSeq, SepSeq)",81,"(SouchaSPYH, 2, 1)",SouchaSPYH,2,1,Y,OpenSSL_1.0.1l_client_regular.dot,6,7,Compressed,"['7/7', '7/21', '24/66', '10/41', '16/79', '15/89']","['7/14', '1/4', '715/3330', '175/952', '546/2938']","[1, 2, 3, 4, 5]",204156,79,303,1444,7238,6,38,OK
"L# (SepSeq, SepSeq)",81,"(SouchaSPY, 2, 1)",SouchaSPY,2,1,Y,GnuTLS_3.3.8_server_full.dot,16,11,Compressed,"['11/11', '21/53', '16/46', '52/253', '31/225', '15/103', '19/113', '4/20', '4/24', '11/86', '4/22', '17/118', '5/32']","['1/2', '203/812', '29/116', '2598/13926', '305/1830', '936/5867', '3169/22183', '2961/20933', '3228/24865', '1290/10320', '1689/10988', '1774/13646']","[1, 2, 3, 6, 8, 9, 10, 11, 12, 13, 14, 15]",3102432,210,1106,18183,125488,13,972,OK
"L# (SepSeq, SepSeq)",81,"(SouchaSPY, 1, 1)",SouchaSPY,1,1,Y,GnuTLS_3.3.12_server_full.dot,9,12,Compressed,"['12/12', '23/58', '17/49', '39/197', '28/207', '4/18']","['1/2', '46/145', '60/226', '229/1062', '388/2211']","[1, 2, 3, 6, 8]",104176,123,541,724,3646,6,23,OK
"L# (SepSeq, SepSeq)",81,"(SouchaSPYH, 2, 1)",SouchaSPYH,2,1,Y,OpenSSL_1.0.1l_server_regular.dot,10,7,Compressed,"['7/7', '10/27', '20/55', '12/36', '15/58', '46/233', '10/60']","['4/8', '2/8', '1/4', '895/4279', '61/305', '1631/10453']","[1, 2, 3, 4, 5, 8]",395108,120,476,2594,15057,7,61,OK
"L# (SepSeq, SepSeq)",81,"(SouchaSPY, 2, 1)",SouchaSPY,2,1,Y,GnuTLS_3.3.12_server_full.dot,9,12,Compressed,"['12/12', '23/58', '15/44', '47/225', '28/207', '2/12']","['1/2', '264/1056', '31/124', '3868/20588', '4633/31005']","[1, 2, 3, 6, 8]",1523408,127,558,8797,52775,6,296,OK
"L# (SepSeq, SepSeq)",81,"(SouchaSPYH, 2, 1)",SouchaSPYH,2,1,Y,RSA_BSAFE_C_4.0.4_server_regular.dot,9,8,Compressed,"['8/8', '23/62', '19/64', '50/267']","['1/2', '1/4', '1795/8747']","[1, 3, 5]",388912,100,401,1797,8753,4,33,OK
"L# (SepSeq, SepSeq)",81,"(SouchaSPYH, 1, 1)",SouchaSPYH,1,1,Y,4_learnresult_PIN_fix.dot,6,14,Compressed,"['14/14', '47/178', '46/221', '29/142']","['9/18', '342/1270', '461/2140']","[1, 4, 5]",183360,136,555,812,3428,4,21,OK
"L# (SepSeq, SepSeq)",81,"(SouchaSPY, 2, 1)",SouchaSPY,2,1,Y,RSA_BSAFE_C_4.0.4_server_regular.dot,9,8,Compressed,"['8/8', '23/62', '46/248', '8/23', '6/18']","['1/2', '357/1637', '327/1638', '9/36']","[1, 3, 7, 8]",111408,91,359,694,3313,5,75,OK
"L# (SepSeq, SepSeq)",81,"(SouchaSPY, 2, 1)",SouchaSPY,2,1,Y,OpenSSH.dot,31,22,Compressed,"['22/22', '43/108', '102/292', '90/309', '63/234', '69/259', '179/808', '75/353', '72/412', '82/474', '69/401', '61/305', '73/435', '86/430', '88/526', '39/272', '103/687', '96/651', '100/719', '147/1019', '101/785', '83/597', '50/409', '107/939']","['1/2', '8/32', '429/1716', '645/2580', '39878/194325', '820/4100', '37422/217725', '25574/161459', '836/5835', '8123/56834', '15392/107744', '23233/162591', '1582/11063', '14492/101421', '17774/130351', '2932/21106', '233/1823', '10057/80369', '70328/557302', '108338/930752', '29667/266495', '96750/935947', '178908/2013221']","[1, 2, 4, 5, 6, 7, 10, 11, 12, 13, 14, 15, 16, 17, 18, 19, 20, 21, 23, 25, 26, 27, 29]",100740612,2000,11446,683422,5964793,24,918894,OK
"L# (SepSeq, SepSeq)",81,"(SouchaSPY, 2, 1)",SouchaSPY,2,1,Y,TCP_Linux_Server.dot,57,12,Compressed,"['12/12', '17/46', '76/377', '53/296', '24/138', '159/1176', '42/306', '93/690', '45/416', '45/374', '83/519', '60/497', '160/1352', '44/372', '58/607', '56/572', '54/516', '47/433', '56/525', '63/636', '49/410', '57/658', '162/1592', '40/412', '52/539', '43/400', '48/492', '122/1252', '70/763', '49/552', '53/585', '70/702', '59/602', '97/1184', '213/2765', '62/844', '56/801', '76/1109']","['91/182', '330/1401', '1247/6584', '2314/13379', '2374/14485', '6312/45400', '4/28', '5915/44712', '4122/32965', '1969/16204', '9331/68392', '1809/13834', '6165/53951', '502/4360', '582/5080', '2368/21312', '623/5396', '252/2268', '8350/75997', '5287/46680', '6034/60002', '3977/39769', '7937/74523', '3730/37294', '7724/77240', '462/4591', '4514/43967', '18378/191927', '5473/58758', '7309/80306', '4247/46669', '11944/129322', '63671/789228', '19576/238340', '48383/630071', '2860/37920', '45322/714500']","[1, 2, 6, 7, 8, 13, 14, 17, 18, 19, 21, 22, 26, 27, 28, 29, 30, 31, 32, 33, 34, 35, 38, 39, 40, 41, 42, 44, 45, 46, 47, 48, 49, 50, 54, 55, 56]",53374308,2625,25522,321488,3727037,38,270077,OK
"L# (SepSeq, SepSeq)",81,"(SouchaSPY, 2, 1)",SouchaSPY,2,1,Y,TCP_FreeBSD_Client.dot,12,10,Compressed,"['10/10', '18/46', '63/227', '67/288', '60/350', '44/257']","['22/44', '7/28', '308/1540', '2978/17597', '8591/57009']","[1, 2, 5, 7, 10]",1703584,262,1178,11906,76218,6,720,OK
"L# (SepSeq, SepSeq)",81,"(SouchaSPYH, 2, 1)",SouchaSPYH,2,1,Y,model4.dot,34,14,Compressed,"['14/14', '27/68', '39/143', '124/597', '37/207', '103/624', '123/729', '191/1265', '151/1146', '75/573', '85/665', '24/157', '24/157', '51/379', '31/234', '73/500', '19/164', '16/140', '86/686', '79/604', '40/304', '117/1081', '118/1117']","['1/2', '2225/8903', '1452/8352', '14/70', '1556/9159', '209/1235', '10038/70832', '7619/60207', '11942/89053', '10108/76937', '391/1937', '1038/7196', '1660/12523', '2859/22602', '352/1986', '1600/12511', '2415/18496', '2483/20892', '4829/42290', '7073/61109', '6372/56865', '4388/37813']","[1, 2, 3, 7, 9, 11, 13, 16, 18, 19, 21, 22, 23, 24, 25, 27, 28, 29, 30, 31, 32, 33]",12381464,1647,11554,80624,620970,23,6571315,OK
"L# (SepSeq, SepSeq)",81,"(SouchaSPYH, 1, 1)",SouchaSPYH,1,1,Y,learnresult_fix.dot,9,15,Compressed,"['15/15', '51/192', '23/96', '44/217', '17/84', '46/262', '31/169']","['9/18', '383/1336', '159/780', '115/575', '328/1901', '952/5948']","[1, 4, 5, 6, 7, 8]",371976,227,1035,1946,10558,7,136,OK
"L# (SepSeq, SepSeq)",81,"(SouchaSPY, 1, 1)",SouchaSPY,1,1,Y,NSS_3.17.4_server_regular.dot,8,8,Compressed,"['8/8', '20/64', '17/48', '7/28', '7/35', '14/92']","['4/8', '50/187', '55/230', '39/191', '41/222']","[1, 3, 4, 5, 6]",83648,73,275,189,838,6,15,OK
"L# (SepSeq, SepSeq)",81,"(SouchaSPY, 2, 1)",SouchaSPY,2,1,Y,ASN_learnresult_SecureCode Aut_fix.dot,4,14,Compressed,"['14/14', '33/108', '33/153']","['9/18', '959/4697']","[1, 3]",188820,80,275,968,4715,3,104,OK
"L# (SepSeq, SepSeq)",81,"(SouchaSPY, 2, 1)",SouchaSPY,2,1,Y,OpenSSL_1.0.1j_server_regular.dot,11,7,Compressed,"['7/7', '10/27', '20/55', '24/109', '10/31', '14/83', '33/213']","['4/8', '1/4', '550/2630', '165/830', '1322/7221', '950/6282']","[1, 2, 3, 5, 6, 7]",717912,118,525,2992,16975,7,108,OK
"L# (SepSeq, SepSeq)",81,"(SouchaSPYH, 1, 1)",SouchaSPYH,1,1,Y,4_learnresult_SecureCode Aut_fix.dot,4,14,Compressed,"['14/14', '33/108', '35/163']","['9/18', '332/1237']","[1, 3]",87064,82,285,341,1255,3,9,OK
"L# (SepSeq, SepSeq)",81,"(SouchaSPY, 2, 1)",SouchaSPY,2,1,Y,Rabo_learnresult_MAESTRO_fix.dot,6,14,Compressed,"['14/14', '47/178', '44/211', '28/138']","['9/18', '957/4685', '2238/13084']","[1, 4, 5]",727640,133,541,3204,17787,4,349,OK
"L# (SepSeq, SepSeq)",81,"(SouchaSPY, 2, 1)",SouchaSPY,2,1,Y,OpenSSL_1.0.1g_server_regular.dot,16,7,Compressed,"['7/7', '10/27', '19/52', '11/41', '22/86', '15/51', '48/247', '13/91', '39/242', '4/21']","['4/8', '1/4', '468/2220', '13/65', '165/830', '928/4859', '2434/16189', '361/2888', '2571/21085']","[1, 2, 3, 4, 6, 7, 10, 11, 15]",1474980,188,865,6945,48148,10,250,OK
"L# (SepSeq, SepSeq)",81,"(SouchaSPYH, 2, 1)",SouchaSPYH,2,1,Y,Volksbank_learnresult_MAESTRO_fix.dot,7,14,Compressed,"['14/14', '19/52', '39/143', '72/379', '71/385']","['51/102', '2239/9098', '2492/14382', '2408/12454']","[1, 2, 3, 5]",1475800,215,973,7190,36036,5,518,OK
"L# (SepSeq, SepSeq)",81,"(SouchaSPY, 2, 1)",SouchaSPY,2,1,Y,ASN_learnresult_MAESTRO_fix.dot,6,14,Compressed,"['14/14', '47/178', '44/211', '28/138']","['9/18', '957/4685', '2238/13084']","[1, 4, 5]",727640,133,541,3204,17787,4,342,OK
"L# (SepSeq, SepSeq)",81,"(SouchaSPYH, 1, 1)",SouchaSPYH,1,1,Y,NSS_3.17.4_client_regular.dot,7,8,Compressed,"['8/8', '15/38', '3/9', '9/36', '7/35', '15/99']","['1/2', '110/399', '49/196', '73/342', '74/305']","[1, 2, 3, 4, 5]",89480,57,225,307,1244,6,12,OK
"L# (SepSeq, SepSeq)",81,"(SouchaSPYH, 1, 1)",SouchaSPYH,1,1,Y,4_learnresult_MAESTRO_fix.dot,6,14,Compressed,"['14/14', '47/178', '46/221', '29/142']","['9/18', '342/1270', '461/2140']","[1, 4, 5]",183360,136,555,812,3428,4,19,OK
"L# (SepSeq, SepSeq)",81,"(SouchaSPYH, 1, 1)",SouchaSPYH,1,1,Y,NSS_3.17.4_server_regular.dot,8,8,Compressed,"['8/8', '20/64', '20/56', '8/32', '7/35', '15/99']","['4/8', '1/3', '116/435', '135/561', '72/357']","[1, 3, 4, 5, 6]",91548,78,294,328,1364,6,15,OK
"L# (SepSeq, SepSeq)",81,"(SouchaSPY, 1, 1)",SouchaSPY,1,1,Y,4_learnresult_MAESTRO_fix.dot,6,14,Compressed,"['14/14', '47/178', '52/239', '9/44']","['9/18', '49/199', '234/1156']","[1, 4, 5]",88584,122,475,292,1373,4,20,OK
"L# (SepSeq, SepSeq)",81,"(SouchaSPYH, 2, 1)",SouchaSPYH,2,1,Y,GnuTLS_3.3.8_client_regular.dot,11,8,Compressed,"['8/8', '15/38', '11/31', '12/49', '14/68', '21/133', '12/75', '4/26', '4/26', '2/16']","['1/2', '22/88', '787/3668', '506/2718', '637/4414', '1141/8235', '89/602', '12/73', '500/3004']","[1, 2, 3, 4, 5, 7, 8, 9, 10]",769836,103,470,3695,22804,10,185,OK
"L# (SepSeq, SepSeq)",81,"(SouchaSPY, 2, 1)",SouchaSPY,2,1,Y,4_learnresult_MAESTRO_fix.dot,6,14,Compressed,"['14/14', '47/178', '44/211', '28/138']","['9/18', '957/4685', '2238/13084']","[1, 4, 5]",727640,133,541,3204,17787,4,362,OK
"L# (SepSeq, SepSeq)",81,"(SouchaSPYH, 1, 1)",SouchaSPYH,1,1,Y,GnuTLS_3.3.12_client_full.dot,9,12,Compressed,"['12/12', '23/58', '11/32', '2/8']","['1/2', '84/252', '315/1246', '152/761']","[1, 2, 3, 4]",94060,48,110,552,2261,4,10,NOK
"L# (SepSeq, SepSeq)",81,"(SouchaSPYH, 2, 1)",SouchaSPYH,2,1,Y,4_learnresult_PIN_fix.dot,6,14,Compressed,"['14/14', '47/178', '44/211', '29/143']","['9/18', '4430/20809', '12562/85110']","[1, 4, 5]",3052984,134,546,17001,105937,4,193,OK
"L# (SepSeq, SepSeq)",81,"(SouchaSPY, 1, 1)",SouchaSPY,1,1,Y,4_learnresult_PIN_fix.dot,6,14,Compressed,"['14/14', '47/178', '52/239', '9/44']","['9/18', '49/199', '234/1156']","[1, 4, 5]",88584,122,475,292,1373,4,18,OK
"L# (SepSeq, SepSeq)",81,"(SouchaSPYH, 2, 1)",SouchaSPYH,2,1,Y,model3.dot,58,22,Compressed,"['22/22', '166/794', '106/477', '106/657', '64/461', '65/297', '72/601', '244/2060', '50/314', '252/2379', '152/1572', '98/979', '92/595', '368/2894', '60/431', '442/3667', '77/872', '80/908', '131/1049', '234/2164', '109/1026', '76/798', '239/2735', '128/1682', '216/2147', '70/584', '87/1002', '174/1745', '88/1281']","['10/20', '6800/27541', '5529/27645', '3524/17620', '16/80', '2681/13405', '5873/29351', '21577/119065', '32757/196542', '2702/15796', '1601/9606', '549/3294', '5649/33846', '21224/145940', '21223/148542', '24140/168006', '18478/129178', '17801/129832', '36498/291976', '10541/82149', '1198/8676', '11151/89192', '16875/121185', '14230/113147', '14791/118230', '210627/1986918', '2423/21453', '8793/86232']","[1, 8, 10, 12, 13, 14, 15, 20, 21, 26, 28, 29, 30, 34, 35, 41, 42, 43, 45, 47, 48, 49, 51, 53, 54, 55, 56, 57]",96776140,4068,36193,519261,4134467,29,579984673,OK
"L# (SepSeq, SepSeq)",81,"(SouchaSPY, 2, 1)",SouchaSPY,2,1,Y,10_learnresult_MasterCard_fix.dot,6,14,Compressed,"['14/14', '47/178', '44/211', '28/138']","['9/18', '957/4685', '2238/13084']","[1, 4, 5]",727640,133,541,3204,17787,4,352,OK
"L# (SepSeq, SepSeq)",81,"(SouchaSPY, 2, 1)",SouchaSPY,2,1,Y,NSS_3.17.4_client_full.dot,11,12,Compressed,"['12/12', '23/58', '9/26', '12/48', '17/83', '1/4', '13/77', '28/208']","['1/2', '742/2968', '86/344', '2427/12545', '1002/6012', '2303/12234', '2611/17113']","[1, 2, 3, 4, 5, 7, 8]",1521364,115,516,9172,51218,8,404,OK
"L# (SepSeq, SepSeq)",81,"(SouchaSPY, 2, 1)",SouchaSPY,2,1,Y,Volksbank_learnresult_MAESTRO_fix.dot,7,14,Compressed,"['14/14', '19/52', '40/147', '65/344', '69/380']","['51/102', '397/1620', '1249/6131', '2366/13643']","[1, 2, 3, 5]",748684,207,937,4063,21496,5,1577,OK
"L# (SepSeq, SepSeq)",81,"(SouchaSPY, 2, 1)",SouchaSPY,2,1,Y,GnuTLS_3.3.12_client_regular.dot,7,8,Compressed,"['8/8', '15/38', '18/61', '10/39', '15/82']","['1/2', '45/180', '366/1680', '426/2296']","[1, 2, 4, 5]",188832,66,228,838,4158,5,34,OK
"L# (SepSeq, SepSeq)",81,"(SouchaSPY, 2, 1)",SouchaSPY,2,1,Y,OpenSSL_1.0.2_server_regular.dot,7,7,Compressed,"['7/7', '10/27', '21/58', '10/39', '13/40', '28/155']","['4/8', '1/4', '628/3020', '165/830', '883/4585']","[1, 2, 3, 4, 5]",367788,89,326,1681,8447,6,69,OK
"L# (SepSeq, SepSeq)",81,"(SouchaSPY, 1, 1)",SouchaSPY,1,1,Y,RSA_BSAFE_C_4.0.4_server_regular.dot,9,8,Compressed,"['8/8', '23/62', '39/220', '13/38', '11/33']","['1/2', '47/176', '25/101', '2/6']","[1, 3, 7, 8]",79548,94,361,75,285,5,15,OK
"L# (SepSeq, SepSeq)",81,"(SouchaSPYH, 2, 1)",SouchaSPYH,2,1,Y,ASN_learnresult_MAESTRO_fix.dot,6,14,Compressed,"['14/14', '47/178', '44/211', '29/143']","['9/18', '4430/20809', '12562/85110']","[1, 4, 5]",3052984,134,546,17001,105937,4,210,OK
"L# (SepSeq, SepSeq)",81,"(SouchaSPY, 1, 1)",SouchaSPY,1,1,Y,model1.dot,35,15,Compressed,"['15/15', '403/5471', '31/328', '36/229', '66/678', '37/489', '85/846', '48/377', '49/623']","['2/4', '374/2007', '17/83', '275/1506', '120/602', '4249/34189', '1368/13315', '1277/13555']","[1, 27, 28, 29, 30, 31, 33, 34]",1653388,770,9056,7682,65261,9,368,OK
"L# (SepSeq, SepSeq)",81,"(SouchaSPYH, 2, 1)",SouchaSPYH,2,1,Y,1_learnresult_MasterCard_fix.dot,5,15,Compressed,"['15/15', '21/57', '102/454']","['54/108', '2776/11256']","[1, 2]",442524,138,526,2830,11364,3,37,OK
"L# (SepSeq, SepSeq)",81,"(SouchaSPY, 1, 1)",SouchaSPY,1,1,Y,OpenSSL_1.0.2_client_regular.dot,6,7,Compressed,"['7/7', '7/21', '22/72', '8/32', '13/64', '9/54']","['7/14', '14/52', '74/273', '88/416', '70/408']","[1, 2, 3, 4, 5]",84668,66,250,253,1163,6,12,OK
"L# (SepSeq, SepSeq)",81,"(SouchaSPYH, 2, 1)",SouchaSPYH,2,1,Y,GnuTLS_3.3.8_client_full.dot,15,12,Compressed,"['12/12', '23/58', '18/51', '22/88', '20/79', '17/84', '22/110', '37/239', '14/86', '20/129', '8/56']","['1/2', '54/216', '1125/4500', '1797/8975', '4521/24421', '506/3030', '1900/12607', '845/5283', '46/294', '410/2507']","[1, 2, 3, 5, 6, 7, 8, 10, 11, 13]",1616648,213,992,11205,61835,11,667,OK
"L# (SepSeq, SepSeq)",81,"(SouchaSPY, 1, 1)",SouchaSPY,1,1,Y,GnuTLS_3.3.12_client_regular.dot,7,8,Compressed,"['8/8', '15/38', '16/54', '5/20', '16/87']","['1/2', '23/80', '36/144', '37/169']","[1, 2, 4, 5]",78524,60,207,97,395,5,10,OK
"L# (SepSeq, SepSeq)",81,"(SouchaSPY, 1, 1)",SouchaSPY,1,1,Y,OpenSSL_1.0.2_server_regular.dot,7,7,Compressed,"['7/7', '10/27', '21/68', '10/40', '13/39', '27/152']","['4/8', '15/55', '64/239', '25/101', '127/537']","[1, 2, 3, 4, 5]",84428,88,333,235,940,6,12,OK
"L# (SepSeq, SepSeq)",81,"(SouchaSPY, 1, 1)",SouchaSPY,1,1,Y,Volksbank_learnresult_MAESTRO_fix.dot,7,14,Compressed,"['14/14', '19/52', '94/452', '91/477']","['51/102', '42/184', '55/221']","[1, 2, 5]",84512,218,995,148,507,4,15,OK
"L# (SepSeq, SepSeq)",81,"(SouchaSPY, 1, 1)",SouchaSPY,1,1,Y,ASN_learnresult_MAESTRO_fix.dot,6,14,Compressed,"['14/14', '47/178', '52/239', '9/44']","['9/18', '49/199', '234/1156']","[1, 4, 5]",88584,122,475,292,1373,4,20,OK
"L# (SepSeq, SepSeq)",81,"(SouchaSPYH, 2, 1)",SouchaSPYH,2,1,Y,learnresult_fix.dot,9,15,Compressed,"['15/15', '51/192', '49/188', '43/245', '86/449', '64/417']","['9/18', '2823/11489', '2817/16325', '2163/11056', '3303/21450']","[1, 4, 5, 6, 8]",1755784,308,1506,11115,60338,6,4979,OK
"L# (SepSeq, SepSeq)",81,"(SouchaSPYH, 1, 1)",SouchaSPYH,1,1,Y,OpenSSL_1.0.1g_server_regular.dot,16,7,Compressed,"['7/7', '10/27', '19/52', '26/115', '14/47', '15/59', '32/168', '92/536']","['4/8', '2/6', '80/294', '8/32', '82/301', '39/180', '121/540']","[1, 2, 3, 5, 6, 7, 9]",89424,215,1011,336,1361,8,20,OK
"L# (SepSeq, SepSeq)",81,"(SouchaSPY, 1, 1)",SouchaSPY,1,1,Y,GnuTLS_3.3.8_client_regular.dot,11,8,Compressed,"['8/8', '15/38', '6/18', '10/38', '12/60', '19/126', '4/26', '3/20', '2/14', '2/14']","['1/2', '45/212', '43/172', '58/274', '53/299', '210/1482', '86/627', '120/780', '184/1122']","[1, 2, 3, 4, 5, 7, 8, 9, 10]",112360,81,362,800,4970,10,38,OK
"L# (SepSeq, SepSeq)",81,"(SouchaSPYH, 1, 1)",SouchaSPYH,1,1,Y,GnuTLS_3.3.8_server_regular.dot,12,8,Compressed,"['8/8', '15/38', '22/74', '17/66', '24/125', '4/20', '17/100', '7/42', '13/71', '16/72']","['1/2', '4/12', '123/485', '120/616', '73/320', '235/1529', '4/21', '179/1166', '66/392']","[1, 2, 4, 5, 7, 8, 9, 10, 11]",114260,143,616,805,4543,10,37,OK
"L# (SepSeq, SepSeq)",81,"(SouchaSPY, 1, 1)",SouchaSPY,1,1,Y,TCP_FreeBSD_Server.dot,55,13,Compressed,"['13/13', '109/478', '35/173', '32/183', '46/257', '63/493', '36/265', '43/232', '15/106', '49/352', '48/340', '44/367', '55/495', '211/1892', '49/419', '86/764', '50/472', '46/447', '21/206', '69/705', '223/2346', '46/456', '50/376', '24/245', '77/869', '41/435', '105/1312', '85/1007', '66/767', '227/3043', '44/432', '42/439', '92/1021', '86/1212', '76/1104', '160/2638', '76/1171']","['98/196', '79/291', '57/325', '215/1171', '927/5353', '201/1401', '321/2248', '260/1618', '354/2468', '1373/9626', '1436/12240', '913/8929', '366/3388', '1720/15293', '1458/14747', '771/6784', '312/2518', '257/2097', '572/5181', '105/878', '755/7392', '441/4123', '341/2740', '554/5557', '2581/26339', '2584/30203', '2071/23390', '1842/22418', '1801/21113', '3889/50304', '317/3808', '435/4881', '1520/20026', '1131/14391', '1482/21892', '1686/25687']","[1, 6, 7, 8, 9, 12, 13, 14, 15, 16, 17, 18, 19, 23, 24, 25, 26, 27, 28, 29, 34, 35, 36, 37, 38, 39, 40, 41, 42, 45, 46, 47, 49, 50, 51, 54]",6567248,2640,27532,35225,381016,37,4818,OK
"L# (SepSeq, SepSeq)",81,"(SouchaSPYH, 1, 1)",SouchaSPYH,1,1,Y,model1.dot,35,15,Compressed,"['15/15', '403/5471', '29/320', '32/211', '50/627', '34/527', '30/295']","['2/4', '1743/8339', '32/145', '648/3595', '1852/12249', '1520/11497', '2362/20864']","[1, 27, 28, 29, 30, 31, 32]",1563480,593,7466,8159,56693,7,650,NOK
"L# (SepSeq, SepSeq)",81,"(SouchaSPYH, 1, 1)",SouchaSPYH,1,1,Y,OpenSSL_1.0.1j_server_regular.dot,11,7,Compressed,"['7/7', '10/27', '20/55', '21/93', '14/47', '18/106', '30/193']","['4/8', '2/6', '81/298', '8/32', '189/832', '52/294']","[1, 2, 3, 5, 6, 7]",87896,120,528,336,1470,7,16,OK
"L# (SepSeq, SepSeq)",81,"(SouchaSPYH, 1, 1)",SouchaSPYH,1,1,Y,RSA_BSAFE_Java_6.1.1_server_regular.dot,6,8,Compressed,"['8/8', '15/38', '4/12', '7/28', '13/73']","['1/2', '108/389', '50/200', '45/201']","[1, 2, 3, 4]",83760,47,159,204,792,5,10,OK
"L# (SepSeq, SepSeq)",81,"(SouchaSPY, 2, 1)",SouchaSPY,2,1,Y,miTLS_0.1.3_server_regular.dot,6,8,Compressed,"['8/8', '15/38', '22/81', '30/161']","['9/18', '365/1598', '620/3259']","[1, 2, 4]",199076,75,288,994,4875,4,30,OK
"L# (SepSeq, SepSeq)",81,"(SouchaSPYH, 1, 1)",SouchaSPYH,1,1,Y,RSA_BSAFE_C_4.0.4_server_regular.dot,9,8,Compressed,"['8/8', '23/62', '39/220', '8/23', '6/18']","['1/2', '89/325', '60/243', '2/6']","[1, 3, 7, 8]",82908,84,331,152,576,5,13,OK
"L# (SepSeq, SepSeq)",81,"(SouchaSPY, 1, 1)",SouchaSPY,1,1,Y,TCP_Windows8_Server.dot,38,13,Compressed,"['13/13', '82/342', '133/651', '140/756', '159/1029', '41/302', '55/393', '40/297', '51/401', '73/649', '26/199', '30/232', '38/328', '61/449', '34/291', '58/521', '129/1114', '80/766', '47/451', '61/514', '97/967', '124/1075', '21/218', '93/900', '77/831']","['98/196', '141/626', '605/3368', '164/854', '918/5348', '152/1060', '441/3075', '1501/11376', '865/6960', '614/4773', '425/3384', '625/5222', '303/2715', '436/3495', '835/7487', '1685/15732', '1274/11961', '673/6074', '1304/13004', '306/2618', '1339/10862', '1408/12424', '1746/17211', '1728/15633']","[1, 5, 7, 10, 14, 15, 16, 17, 18, 19, 20, 21, 22, 23, 24, 25, 27, 29, 30, 31, 33, 35, 36, 37]",3169276,1763,13689,19586,165458,25,2593,OK
"L# (SepSeq, SepSeq)",81,"(SouchaSPYH, 2, 1)",SouchaSPYH,2,1,Y,OpenSSL_1.0.1j_server_regular.dot,11,7,Compressed,"['7/7', '10/27', '20/55', '12/36', '15/58', '59/326', '11/65']","['4/8', '2/8', '1/4', '895/4279', '61/305', '1581/10054']","[1, 2, 3, 4, 5, 9]",393816,134,574,2544,14658,7,55,OK
"L# (SepSeq, SepSeq)",81,"(SouchaSPY, 1, 1)",SouchaSPY,1,1,Y,model3.dot,58,22,Compressed,"['22/22', '166/794', '59/276', '94/430', '40/197', '59/272', '120/591', '101/638', '85/623', '167/943', '76/463', '368/2968', '175/1352', '53/340', '57/442', '101/654', '140/1006', '47/352', '46/366', '52/409', '122/985', '153/1322', '71/572', '122/985', '51/390', '122/1118', '61/496', '136/908', '239/2138', '123/1148', '87/825', '173/1775', '91/876']","['10/20', '193/749', '94/375', '231/923', '11/44', '408/1635', '312/1560', '875/4361', '347/1734', '2316/12723', '258/1526', '594/3519', '1328/7941', '136/816', '821/4923', '1/6', '531/3618', '4482/31323', '746/5218', '1651/12138', '546/4360', '3131/24600', '1779/14224', '1825/14600', '1708/13071', '1791/13888', '327/2616', '1292/9152', '13813/122741', '2899/25107', '1110/10438', '3391/31752']","[1, 8, 9, 11, 12, 13, 16, 18, 19, 23, 24, 30, 32, 33, 34, 36, 37, 38, 39, 40, 42, 44, 45, 47, 48, 49, 50, 52, 54, 55, 56, 57]",11771100,3579,26676,48957,381701,33,12796,OK
"L# (SepSeq, SepSeq)",81,"(SouchaSPYH, 1, 1)",SouchaSPYH,1,1,Y,GnuTLS_3.3.8_client_full.dot,15,12,Compressed,"['12/12', '23/58', '15/44', '3/12']","['1/2', '72/216', '323/1286', '181/886']","[1, 2, 3, 4]",95168,53,126,577,2390,4,15,NOK
"L# (SepSeq, SepSeq)",81,"(SouchaSPYH, 1, 1)",SouchaSPYH,1,1,Y,GnuTLS_3.3.8_client_regular.dot,11,8,Compressed,"['8/8', '15/38', '7/21', '13/51', '13/64', '17/112', '11/68', '11/60', '2/14', '2/14']","['1/2', '33/99', '114/469', '105/537', '69/359', '149/775', '201/1443', '136/856', '163/971']","[1, 2, 3, 4, 5, 7, 8, 9, 10]",194352,99,450,971,5511,10,43,OK
"L# (SepSeq, SepSeq)",81,"(SouchaSPY, 2, 1)",SouchaSPY,2,1,Y,TCP_Windows8_Client.dot,13,10,Compressed,"['10/10', '18/46', '178/856', '20/99', '33/226', '34/179', '33/199']","['22/44', '2/8', '2706/15768', '321/1926', '5868/39456', '9215/68410']","[1, 2, 9, 10, 11, 12]",3105788,326,1615,18134,125612,7,1187,OK
"L# (SepSeq, SepSeq)",81,"(SouchaSPY, 1, 1)",SouchaSPY,1,1,Y,DropBear.dot,17,13,Compressed,"['13/13', '25/63', '37/108', '82/266', '53/280', '34/210', '70/518', '50/356', '44/335', '42/330', '50/297', '52/459', '48/392']","['1/2', '25/75', '161/654', '841/3429', '450/2432', '289/1837', '682/4925', '51/344', '94/595', '138/1131', '731/5645', '402/3618']","[1, 2, 3, 6, 8, 9, 11, 12, 13, 14, 15, 16]",732400,600,3627,3865,24687,13,337,OK
"L# (SepSeq, SepSeq)",81,"(SouchaSPY, 2, 1)",SouchaSPY,2,1,Y,OpenSSL_1.0.1g_client_regular.dot,10,7,Compressed,"['7/7', '7/21', '22/61', '10/38', '11/43', '25/134', '12/59', '9/54', '9/63']","['7/14', '1/4', '551/2551', '98/490', '561/3202', '445/2670', '855/5905', '562/4182']","[1, 2, 3, 4, 5, 7, 8, 9]",722244,112,480,3080,19018,9,167,OK
"L# (SepSeq, SepSeq)",81,"(SouchaSPYH, 2, 1)",SouchaSPYH,2,1,Y,OpenSSL_1.0.1j_client_regular.dot,6,7,Compressed,"['7/7', '7/21', '24/66', '10/41', '16/79', '15/89']","['7/14', '1/4', '715/3330', '175/952', '546/2938']","[1, 2, 3, 4, 5]",204156,79,303,1444,7238,6,35,OK
"L# (SepSeq, SepSeq)",81,"(SouchaSPYH, 1, 1)",SouchaSPYH,1,1,Y,OpenSSL_1.0.1l_server_regular.dot,10,7,Compressed,"['7/7', '10/27', '20/55', '21/93', '14/47', '18/106', '17/99']","['4/8', '2/6', '81/298', '8/32', '189/832', '52/294']","[1, 2, 3, 5, 6, 7]",87420,107,434,336,1470,7,17,OK
"L# (SepSeq, SepSeq)",81,"(SouchaSPYH, 2, 1)",SouchaSPYH,2,1,Y,TCP_Linux_Client.dot,15,10,Compressed,"['10/10', '18/46', '108/489', '44/183', '33/138', '25/124', '38/197', '17/103', '30/178', '34/201', '31/188']","['22/44', '70/280', '1624/7290', '1918/10652', '86/430', '724/4302', '703/4200', '890/5340', '545/3268', '654/3883']","[1, 2, 7, 8, 9, 10, 11, 12, 13, 14]",1504296,388,1857,7236,39689,11,4932,OK
"L# (SepSeq, SepSeq)",81,"(SouchaSPYH, 2, 1)",SouchaSPYH,2,1,Y,DropBear.dot,17,13,Compressed,"['13/13', '25/63', '80/253', '70/247', '47/250', '36/221', '44/262', '75/555', '40/321', '40/322', '19/152', '28/246', '40/342']","['1/2', '2/8', '109/436', '7478/38958', '6538/39460', '249/1425', '4923/34494', '8875/69207', '9657/60888', '1977/14831', '9075/83091', '4068/37264']","[1, 2, 5, 6, 8, 9, 10, 12, 13, 14, 15, 16]",11851996,557,3247,52952,380064,13,13095,OK
"L# (SepSeq, SepSeq)",81,"(SouchaSPY, 1, 1)",SouchaSPY,1,1,Y,TCP_Linux_Server.dot,57,12,Compressed,"['12/12', '17/46', '75/373', '53/339', '47/266', '131/979', '36/265', '46/426', '47/389', '55/468', '33/276', '45/443', '49/499', '109/808', '39/212', '47/437', '71/641', '34/292', '53/499', '53/617', '96/942', '227/1913', '47/473', '61/659', '133/1317', '124/1218', '60/555', '126/1299', '84/925', '111/1200', '70/706', '104/1234', '267/3434', '65/894', '60/859', '85/1191']","['91/182', '107/406', '125/606', '161/807', '219/1101', '552/3489', '246/1722', '414/3119', '43/344', '223/1710', '263/2104', '158/1205', '181/1466', '345/1924', '1415/10376', '395/3115', '313/2304', '743/6372', '2095/19238', '411/4102', '907/8760', '379/3357', '153/1241', '547/5383', '1287/11645', '815/7592', '913/9215', '2313/23294', '431/4370', '3998/45705', '2051/25683', '2383/27987', '5093/63544', '1394/20543', '875/13325']","[1, 2, 6, 8, 9, 13, 14, 15, 16, 18, 19, 20, 21, 23, 24, 25, 26, 27, 28, 29, 31, 35, 36, 37, 39, 41, 42, 44, 46, 48, 49, 50, 54, 55, 56]",6286736,2772,27106,32039,337336,36,3874,OK
"L# (SepSeq, SepSeq)",81,"(SouchaSPYH, 2, 1)",SouchaSPYH,2,1,Y,GnuTLS_3.3.12_client_regular.dot,7,8,Compressed,"['8/8', '15/38', '19/64', '11/43', '19/101']","['1/2', '3/12', '857/3969', '391/2089']","[1, 2, 4, 5]",212032,72,254,1252,6072,5,38,OK
"L# (SepSeq, SepSeq)",81,"(SouchaSPY, 1, 1)",SouchaSPY,1,1,Y,Rabo_learnresult_SecureCode_Aut_fix.dot,6,15,Compressed,"['15/15', '36/117', '50/212', '36/210']","['9/18', '52/211', '799/4501']","[1, 3, 4]",193520,137,554,860,4730,4,19,OK
"L# (SepSeq, SepSeq)",81,"(SouchaSPYH, 2, 1)",SouchaSPYH,2,1,Y,TCP_Windows8_Client.dot,13,10,Compressed,"['10/10', '18/46', '182/851', '34/170', '33/173', '32/190', '45/272']","['22/44', '60/240', '3335/18186', '23/135', '473/2635', '3413/23385']","[1, 2, 9, 10, 11, 12]",1558160,354,1712,7326,44625,7,2071,OK
"L# (SepSeq, SepSeq)",81,"(SouchaSPY, 1, 1)",SouchaSPY,1,1,Y,TCP_Linux_Client.dot,15,10,Compressed,"['10/10', '18/46', '79/307', '39/150', '50/268', '26/156', '56/335', '36/268', '16/87', '25/125']","['22/44', '1/3', '27/108', '335/1645', '288/1549', '188/1122', '80/479', '1220/8692', '206/1236']","[1, 2, 6, 7, 9, 10, 12, 13, 14]",401548,355,1752,2367,14878,10,133,OK
"L# (SepSeq, SepSeq)",81,"(SouchaSPYH, 2, 1)",SouchaSPYH,2,1,Y,GnuTLS_3.3.8_server_regular.dot,12,8,Compressed,"['8/8', '15/38', '24/81', '18/70', '25/129', '4/20', '17/100', '8/47', '4/21', '16/87']","['1/2', '3/12', '790/3673', '351/1895', '937/6011', '685/4830', '2/11', '1/5', '557/3380']","[1, 2, 4, 5, 7, 8, 9, 10, 11]",462336,139,601,3327,19819,10,227,OK
"L# (SepSeq, SepSeq)",81,"(SouchaSPYH, 1, 1)",SouchaSPYH,1,1,Y,10_learnresult_MasterCard_fix.dot,6,14,Compressed,"['14/14', '47/178', '46/221', '30/147']","['9/18', '342/1270', '461/2140']","[1, 4, 5]",183360,137,560,812,3428,4,24,OK
"L# (SepSeq, SepSeq)",81,"(SouchaSPYH, 2, 1)",SouchaSPYH,2,1,Y,4_learnresult_MAESTRO_fix.dot,6,14,Compressed,"['14/14', '47/178', '44/211', '29/143']","['9/18', '4430/20809', '12562/85110']","[1, 4, 5]",3052984,134,546,17001,105937,4,194,OK
"L# (SepSeq, SepSeq)",81,"(SouchaSPY, 1, 1)",SouchaSPY,1,1,Y,OpenSSL_1.0.1g_client_regular.dot,10,7,Compressed,"['7/7', '7/21', '30/113', '10/40', '19/104', '9/44', '10/60', '11/77']","['7/14', '15/56', '72/265', '77/361', '60/300', '143/846', '89/577']","[1, 2, 4, 5, 7, 8, 9]",94544,103,466,463,2419,8,20,OK
"L# (SepSeq, SepSeq)",81,"(SouchaSPYH, 2, 1)",SouchaSPYH,2,1,Y,OpenSSL_1.0.1g_client_regular.dot,10,7,Compressed,"['7/7', '7/21', '23/63', '15/58', '9/36', '27/142', '16/79', '10/60', '11/76']","['7/14', '1/4', '601/2760', '12/60', '225/1203', '583/2960', '478/3161', '313/2377']","[1, 2, 3, 4, 5, 7, 8, 9]",382092,125,542,2220,12539,9,107,OK
"L# (SepSeq, SepSeq)",81,"(SouchaSPY, 2, 1)",SouchaSPY,2,1,Y,OpenSSL_1.0.1l_server_regular.dot,10,7,Compressed,"['7/7', '10/27', '20/55', '24/109', '10/31', '14/83', '19/112']","['4/8', '1/4', '550/2630', '165/830', '1322/7221', '950/6282']","[1, 2, 3, 5, 6, 7]",717368,104,424,2992,16975,7,108,OK
"L# (SepSeq, SepSeq)",81,"(SouchaSPYH, 2, 1)",SouchaSPYH,2,1,Y,OpenSSL_1.0.1g_server_regular.dot,16,7,Compressed,"['7/7', '10/27', '19/52', '10/30', '15/58', '26/116', '52/271', '20/117', '33/211', '13/90']","['4/8', '2/8', '1/4', '908/4344', '5/25', '169/914', '1165/6721', '641/4477', '914/6882']","[1, 2, 3, 4, 5, 7, 10, 11, 15]",730152,205,979,3809,23383,10,151,OK
"L# (SepSeq, SepSeq)",81,"(SouchaSPYH, 1, 1)",SouchaSPYH,1,1,Y,NSS_3.17.4_client_full.dot,11,12,Compressed,"['12/12', '23/58', '11/32', '11/44', '12/59']","['1/2', '95/285', '296/1161', '154/758', '263/1241']","[1, 2, 3, 4, 5]",106288,69,205,809,3447,5,15,NOK
"L# (SepSeq, SepSeq)",81,"(SouchaSPY, 1, 1)",SouchaSPY,1,1,Y,OpenSSL_1.0.1j_client_regular.dot,6,7,Compressed,"['7/7', '7/21', '22/72', '8/32', '13/64', '9/54']","['7/14', '14/52', '74/273', '88/416', '70/408']","[1, 2, 3, 4, 5]",84668,66,250,253,1163,6,15,OK
"L# (SepSeq, SepSeq)",81,"(SouchaSPYH, 2, 1)",SouchaSPYH,2,1,Y,TCP_FreeBSD_Client.dot,12,10,Compressed,"['10/10', '18/46', '98/470', '26/103', '24/100', '51/211', '35/204']","['22/44', '70/280', '466/1909', '1306/7589', '208/1113', '7844/62446']","[1, 2, 7, 8, 9, 10]",1593576,262,1144,9916,73381,7,620,OK
"L# (SepSeq, SepSeq)",81,"(SouchaSPYH, 2, 1)",SouchaSPYH,2,1,Y,TCP_Windows8_Server.dot,38,13,Compressed,"['13/13', '82/342', '64/239', '44/219', '41/244', '41/242', '56/353', '103/684', '117/695', '55/384', '59/321', '53/378', '53/390', '53/389', '61/447', '52/386', '94/802', '189/1770', '58/484', '73/608', '229/1990', '54/450', '71/687', '62/521', '77/675', '59/519', '84/895', '150/1718']","['98/196', '138/552', '7384/42178', '923/5449', '427/2416', '175/1222', '6890/44416', '4841/30137', '833/4373', '4538/29609', '5250/39138', '2318/16405', '133/1047', '1829/13421', '1240/9795', '10759/87620', '11763/92314', '8454/62327', '3291/25326', '5214/41823', '18441/137196', '16545/147674', '15381/135841', '2410/22900', '19628/178164', '27061/258738', '67703/787606']","[1, 5, 6, 7, 8, 9, 10, 12, 15, 16, 17, 18, 19, 20, 21, 22, 23, 26, 27, 28, 31, 32, 33, 34, 35, 36, 37]",48402296,2147,16845,243667,2217883,28,2090312,OK
"L# (SepSeq, SepSeq)",81,"(SouchaSPYH, 1, 1)",SouchaSPYH,1,1,Y,ASN_learnresult_SecureCode Aut_fix.dot,4,14,Compressed,"['14/14', '33/108', '35/163']","['9/18', '332/1237']","[1, 3]",87064,82,285,341,1255,3,8,OK
"L# (SepSeq, SepSeq)",81,"(SouchaSPY, 2, 1)",SouchaSPY,2,1,Y,GnuTLS_3.3.8_client_regular.dot,11,8,Compressed,"['8/8', '15/38', '5/14', '12/47', '12/59', '21/135', '9/58', '6/40']","['1/2', '165/660', '215/1075', '433/2297', '397/2490', '936/7183', '904/6799']","[1, 2, 3, 4, 5, 7, 9]",444832,88,399,3051,20506,8,123,OK
"L# (SepSeq, SepSeq)",81,"(SouchaSPYH, 1, 1)",SouchaSPYH,1,1,Y,TCP_FreeBSD_Server.dot,55,13,Compressed,"['13/13', '109/478', '45/173', '36/180', '116/818', '43/228', '42/279', '42/306', '29/204', '46/382', '46/377', '33/259', '40/391', '41/392', '63/565', '274/2664', '138/1306', '66/681', '47/503', '37/402', '78/862', '53/494', '46/496', '52/546', '98/1140', '149/1820', '82/1083', '236/1866', '66/594', '15/119', '21/229', '82/876', '62/835', '93/1286', '113/1699', '52/829', '72/1018']","['98/196', '159/477', '286/1186', '1199/6701', '148/886', '257/1592', '536/3333', '36/250', '1048/7497', '316/2400', '1325/10689', '926/8111', '208/1663', '171/1709', '928/7374', '1286/10940', '1519/15260', '1269/12213', '1942/21575', '324/3225', '551/5523', '802/9035', '10/101', '1782/23098', '953/10169', '2350/29236', '12/80', '2093/20238', '369/3614', '1266/10775', '1597/16371', '3316/42578', '2422/30563', '2442/32650', '2698/34592', '1467/21310']","[1, 6, 7, 8, 12, 13, 14, 15, 16, 17, 18, 19, 20, 21, 22, 28, 30, 31, 32, 33, 34, 35, 36, 37, 38, 40, 41, 45, 46, 47, 48, 49, 50, 51, 53, 54]",6449640,2676,26393,38111,407210,37,23680,OK
"L# (SepSeq, SepSeq)",81,"(SouchaSPY, 2, 1)",SouchaSPY,2,1,Y,NSS_3.17.4_server_regular.dot,8,8,Compressed,"['8/8', '20/64', '15/42', '4/16', '7/35', '15/99']","['4/8', '6/24', '980/4904', '282/1683', '359/2315']","[1, 3, 4, 5, 6]",378568,69,264,1631,8934,6,92,OK
"L# (SepSeq, SepSeq)",81,"(SouchaSPY, 1, 1)",SouchaSPY,1,1,Y,OpenSSL_1.0.1g_server_regular.dot,16,7,Compressed,"['7/7', '10/27', '32/123', '25/111', '13/45', '58/333', '50/302']","['4/8', '16/59', '51/187', '25/101', '132/562', '417/2469']","[1, 2, 4, 6, 7, 11]",176636,195,948,645,3386,7,20,OK
"L# (SepSeq, SepSeq)",81,"(SouchaSPY, 2, 1)",SouchaSPY,2,1,Y,GnuTLS_3.3.12_server_regular.dot,7,8,Compressed,"['8/8', '15/38', '18/61', '10/39', '15/82']","['1/2', '45/180', '366/1680', '426/2296']","[1, 2, 4, 5]",188832,66,228,838,4158,5,45,OK
"L# (SepSeq, SepSeq)",81,"(SouchaSPYH, 1, 1)",SouchaSPYH,1,1,Y,TCP_Linux_Client.dot,15,10,Compressed,"['10/10', '18/46', '82/324', '37/150', '22/102', '44/239', '26/154', '31/180', '27/162']","['22/44', '158/573', '256/1132', '242/1191', '8/39', '576/3066', '381/2003', '347/2167', '1240/9716']","[1, 2, 6, 7, 8, 10, 11, 12, 13]",727156,297,1367,3230,19931,9,151,NOK
"L# (SepSeq, SepSeq)",81,"(SouchaSPYH, 2, 1)",SouchaSPYH,2,1,Y,ASN_learnresult_SecureCode Aut_fix.dot,4,14,Compressed,"['14/14', '33/108', '33/153']","['9/18', '4430/20809']","[1, 3]",744548,80,275,4439,20827,3,43,OK
"L# (SepSeq, SepSeq)",81,"(SouchaSPYH, 2, 1)",SouchaSPYH,2,1,Y,miTLS_0.1.3_server_regular.dot,6,8,Compressed,"['8/8', '15/38', '23/84', '15/70', '15/90']","['9/18', '127/508', '1301/6442', '2866/16547']","[1, 2, 4, 5]",806056,76,290,4303,23515,5,47,OK
"L# (SepSeq, SepSeq)",81,"(SouchaSPY, 1, 1)",SouchaSPY,1,1,Y,1_learnresult_MasterCard_fix.dot,5,15,Compressed,"['15/15', '21/57', '64/277', '30/149']","['54/108', '48/206', '200/945']","[1, 2, 4]",91772,130,498,302,1259,4,21,OK
"L# (SepSeq, SepSeq)",81,"(SouchaSPYH, 1, 1)",SouchaSPYH,1,1,Y,ASN_learnresult_MAESTRO_fix.dot,6,14,Compressed,"['14/14', '47/178', '46/221', '29/142']","['9/18', '342/1270', '461/2140']","[1, 4, 5]",183360,136,555,812,3428,4,18,OK
"L# (SepSeq, SepSeq)",81,"(SouchaSPYH, 2, 1)",SouchaSPYH,2,1,Y,OpenSSL_1.0.2_client_regular.dot,6,7,Compressed,"['7/7', '7/21', '24/66', '10/41', '16/79', '15/89']","['7/14', '1/4', '715/3330', '175/952', '546/2938']","[1, 2, 3, 4, 5]",204156,79,303,1444,7238,6,33,OK
"L# (SepSeq, SepSeq)",81,"(SouchaSPYH, 1, 1)",SouchaSPYH,1,1,Y,TCP_Linux_Server.dot,57,12,Compressed,"['12/12', '17/46', '75/373', '35/146', '122/892', '32/187', '37/190', '31/196', '37/267', '57/439', '44/320', '46/252', '52/520', '40/332', '42/316', '47/386', '53/446', '58/550', '42/310', '50/459', '49/409', '55/568', '59/543', '189/1640', '76/709', '177/1701', '67/674', '57/666', '46/478', '34/337', '52/470', '78/820', '57/570', '55/598', '64/687', '51/533', '81/977', '250/3228', '73/973', '63/890', '89/1283']","['91/182', '185/640', '83/249', '600/2954', '486/2542', '43/285', '130/778', '10/66', '493/3045', '346/1878', '79/553', '680/4916', '485/3563', '147/1176', '11/88', '90/656', '93/733', '209/1226', '38/266', '557/3971', '1265/10495', '828/7210', '347/2981', '1288/10640', '293/2506', '379/3212', '578/5216', '1384/13347', '302/2668', '1330/13853', '280/2784', '668/6773', '1196/13061', '170/1679', '382/3831', '3096/37774', '2416/25714', '3325/42148', '1734/20660', '1401/21330']","[1, 2, 6, 7, 11, 12, 13, 14, 15, 17, 18, 19, 20, 21, 22, 23, 24, 25, 26, 27, 28, 29, 30, 34, 35, 38, 39, 40, 41, 42, 43, 45, 46, 47, 48, 49, 50, 54, 55, 56]",5877124,2651,25393,27518,277649,41,17022,OK
"L# (SepSeq, SepSeq)",81,"(SouchaSPY, 2, 1)",SouchaSPY,2,1,Y,OpenSSL_1.0.1j_client_regular.dot,6,7,Compressed,"['7/7', '7/21', '23/64', '9/36', '11/55', '9/54']","['7/14', '1/4', '719/3391', '652/3748', '297/1999']","[1, 2, 3, 4, 5]",368260,66,237,1676,9156,6,64,OK
"L# (SepSeq, SepSeq)",81,"(SouchaSPY, 2, 1)",SouchaSPY,2,1,Y,learnresult_fix.dot,9,15,Compressed,"['15/15', '51/192', '49/188', '40/193', '31/151', '72/392', '38/220']","['9/18', '434/1749', '302/1542', '990/5623', '1299/8186', '1460/10183']","[1, 4, 5, 6, 7, 8]",774900,296,1351,4494,27301,7,7715,OK
"L# (SepSeq, SepSeq)",81,"(SouchaSPY, 1, 1)",SouchaSPY,1,1,Y,RSA_BSAFE_Java_6.1.1_server_regular.dot,6,8,Compressed,"['8/8', '15/38', '3/9', '7/28', '13/73']","['1/2', '55/276', '38/152', '44/196']","[1, 2, 3, 4]",80112,46,156,138,626,5,10,OK
"L# (SepSeq, SepSeq)",81,"(SouchaSPYH, 1, 1)",SouchaSPYH,1,1,Y,BitVise.dot,66,13,Compressed,"['13/13', '51/154', '41/121', '29/87', '26/124', '24/101', '118/766', '48/273', '161/1330', '49/310', '116/981', '50/350', '28/222', '30/206', '48/336', '44/369', '51/415', '48/392', '152/1315', '46/443', '56/508', '89/908', '52/462', '30/276', '34/286', '32/277', '50/491', '44/447', '26/236', '45/492', '43/427', '45/446', '22/232', '18/203', '39/434', '44/497', '89/1155', '25/325', '18/219', '18/242', '17/213']","['1/2', '50/150', '1/3', '594/2796', '251/1225', '341/2048', '95/488', '203/1397', '417/2073', '380/2336', '276/1732', '484/3534', '173/1245', '227/1484', '242/1724', '174/1392', '111/736', '594/4673', '808/4800', '794/7124', '379/3554', '794/7406', '287/2204', '310/2396', '207/1690', '296/2808', '1062/10685', '1267/12980', '309/3025', '192/1999', '1079/12190', '183/2032', '1245/10794', '769/9334', '654/7966', '1130/15723', '1107/12383', '449/4221', '628/7224', '467/6090', '1400/19881']","[1, 4, 5, 6, 7, 8, 13, 14, 19, 20, 23, 24, 25, 26, 27, 28, 29, 30, 34, 35, 36, 38, 39, 40, 41, 42, 43, 44, 45, 46, 47, 48, 49, 50, 51, 52, 54, 55, 56, 57, 58]",3255776,2009,17084,20430,197547,41,6896,NOK
"L# (SepSeq, SepSeq)",81,"(SouchaSPYH, 1, 1)",SouchaSPYH,1,1,Y,Rabo_learnresult_SecureCode_Aut_fix.dot,6,15,Compressed,"['15/15', '36/117', '37/173', '61/332']","['9/18', '385/1425', '558/2628']","[1, 3, 4]",197428,149,637,952,4071,4,13,OK
"L# (SepSeq, SepSeq)",81,"(SouchaSPYH, 1, 1)",SouchaSPYH,1,1,Y,TCP_Windows8_Client.dot,13,10,Compressed,"['10/10', '18/46', '180/847', '66/356', '33/170', '30/180']","['22/44', '162/593', '572/3039', '841/4975', '286/1813']","[1, 2, 9, 11, 12]",388488,337,1609,1883,10464,6,50,OK
"L# (SepSeq, SepSeq)",81,"(SouchaSPY, 1, 1)",SouchaSPY,1,1,Y,GnuTLS_3.3.12_client_full.dot,9,12,Compressed,"['12/12', '23/58', '8/23', '3/12']","['1/2', '91/411', '119/463', '267/1533']","[1, 2, 3, 4]",93488,46,105,478,2409,4,9,NOK
"L# (SepSeq, SepSeq)",81,"(SouchaSPYH, 1, 1)",SouchaSPYH,1,1,Y,model3.dot,58,22,Compressed,"['22/22', '166/794', '190/1046', '62/293', '38/187', '63/290', '121/596', '86/629', '64/385', '497/4179', '91/515', '176/1498', '126/1383', '100/649', '86/768', '106/1055', '114/1224', '121/1292', '191/1156', '131/1057', '112/1055', '72/721', '113/903', '84/1007', '79/633', '222/2291', '264/2060', '253/2485', '92/1215', '91/889']","['10/20', '647/2264', '450/1800', '398/1592', '39/156', '396/1588', '943/4714', '3503/19092', '287/1700', '1487/8914', '1322/7871', '929/5279', '1106/6636', '883/5741', '3320/23162', '337/2304', '1196/8232', '569/3967', '1455/9767', '1347/10776', '525/4139', '314/2454', '758/6047', '834/6573', '2587/22984', '4696/40520', '7059/62306', '7035/70516', '689/7154']","[1, 8, 12, 13, 14, 15, 18, 19, 20, 30, 31, 33, 35, 37, 38, 39, 40, 41, 43, 45, 46, 47, 49, 50, 51, 53, 55, 56, 57]",6676008,3933,32277,45121,348268,30,369486,OK
"L# (SepSeq, SepSeq)",81,"(SouchaSPYH, 1, 1)",SouchaSPYH,1,1,Y,OpenSSL_1.0.2_server_regular.dot,7,7,Compressed,"['7/7', '10/27', '20/55', '11/43', '14/43', '17/84', '18/107']","['4/8', '1/3', '89/330', '1/4', '161/680', '64/383']","[1, 2, 3, 4, 5, 6]",85492,97,366,320,1408,7,14,OK
"L# (SepSeq, SepSeq)",81,"(SouchaSPY, 2, 1)",SouchaSPY,2,1,Y,TCP_Linux_Client.dot,15,10,Compressed,"['10/10', '18/46', '87/342', '46/183', '24/118', '25/112', '30/180', '21/124', '32/187', '27/141', '33/188', '36/198']","['22/44', '7/28', '308/1540', '3410/20168', '529/3174', '2572/16938', '64/427', '759/5313', '769/5383', '839/5872', '2770/19271']","[1, 2, 6, 7, 8, 9, 10, 11, 12, 13, 14]",1684568,389,1829,12049,78158,12,2466,OK
"L# (SepSeq, SepSeq)",81,"(SouchaSPYH, 1, 1)",SouchaSPYH,1,1,Y,GnuTLS_3.3.8_server_full.dot,16,11,Compressed,"['11/11', '21/53', '16/46', '17/64', '22/84', '54/274', '11/54', '9/54', '21/125', '4/26', '2/14', '7/37', '6/32']","['1/2', '29/87', '211/794', '1/3', '120/521', '213/988', '314/1690', '487/3200', '137/953', '175/1043', '122/729', '215/1264']","[1, 2, 3, 4, 5, 9, 10, 11, 12, 13, 14, 15]",375180,201,874,2025,11274,13,107,OK
"L# (SepSeq, SepSeq)",81,"(SouchaSPY, 1, 1)",SouchaSPY,1,1,Y,NSS_3.17.4_client_full.dot,11,12,Compressed,"['12/12', '23/58', '11/32', '11/44', '3/15']","['1/2', '53/170', '118/459', '67/299', '337/2035']","[1, 2, 3, 4, 5]",95368,60,161,576,2965,5,18,NOK
"L# (SepSeq, SepSeq)",81,"(SouchaSPY, 2, 1)",SouchaSPY,2,1,Y,RSA_BSAFE_Java_6.1.1_server_regular.dot,6,8,Compressed,"['8/8', '15/38', '5/15', '6/24', '13/73']","['1/2', '368/1616', '283/1415', '359/1962']","[1, 2, 3, 4]",198452,47,158,1011,4995,5,49,OK
"L# (SepSeq, SepSeq)",81,"(SouchaSPY, 1, 1)",SouchaSPY,1,1,Y,OpenSSL_1.0.1l_server_regular.dot,10,7,Compressed,"['7/7', '10/27', '20/65', '21/94', '17/56', '53/289']","['4/8', '15/55', '54/199', '25/101', '193/867']","[1, 2, 3, 5, 6]",88040,128,538,291,1230,6,15,OK
"L# (SepSeq, SepSeq)",81,"(SouchaSPYH, 1, 1)",SouchaSPYH,1,1,Y,model4.dot,34,14,Compressed,"['14/14', '27/68', '42/154', '87/422', '98/573', '416/2971', '110/859', '114/565', '39/263', '563/3630', '42/247', '79/549', '22/184', '279/2135', '123/1288']","['1/2', '172/549', '176/1044', '271/2095', '47/201', '326/1927', '206/1292', '737/3994', '1762/12843', '764/3698', '1005/6727', '513/3558', '765/5820', '7049/76271']","[1, 2, 3, 5, 7, 12, 13, 15, 16, 26, 27, 28, 29, 33]",2984652,2055,13922,13794,120021,15,4845,OK
"L# (SepSeq, SepSeq)",81,"(SouchaSPY, 2, 1)",SouchaSPY,2,1,Y,TCP_FreeBSD_Server.dot,55,13,Compressed,"['13/13', '109/478', '34/170', '36/204', '60/335', '57/390', '70/540', '73/583', '45/334', '50/434', '45/376', '109/980', '53/545', '52/568', '53/510', '23/172', '219/1892', '63/620', '61/505', '262/2687', '51/475', '40/391', '47/505', '44/448', '33/370', '39/362', '60/550', '44/457', '74/843', '70/753', '170/1918', '132/1650', '88/999', '235/3093', '86/1120', '70/983', '93/1314', '57/908']","['98/196', '1284/6103', '78/468', '1427/7605', '5785/37177', '2552/17854', '3474/22563', '8667/63086', '3776/30113', '9099/73433', '3587/32278', '4766/40602', '14953/143338', '8562/85509', '8755/84634', '6159/48821', '3262/25982', '2810/24371', '1945/17501', '7879/77275', '6648/67237', '268/2939', '16374/180111', '7303/76942', '5128/53111', '3443/37820', '5410/57016', '7503/89046', '23065/274479', '12095/144578', '18152/202449', '10047/124435', '57708/776505', '10089/137974', '30072/458642', '8447/128169', '18229/292108']","[1, 6, 7, 8, 9, 11, 12, 15, 16, 17, 18, 20, 21, 22, 23, 24, 27, 28, 29, 34, 35, 36, 37, 38, 39, 40, 41, 42, 43, 44, 45, 47, 48, 51, 52, 53, 54]",53878632,2920,29475,338899,3942470,38,264901,OK
"L# (SepSeq, SepSeq)",81,"(SouchaSPY, 2, 1)",SouchaSPY,2,1,Y,GnuTLS_3.3.8_server_regular.dot,12,8,Compressed,"['8/8', '15/38', '23/78', '15/58', '20/105', '7/35', '2/12', '4/22', '3/17', '3/20']","['1/2', '37/148', '308/1426', '360/1926', '5/30', '2322/16397', '514/4142', '693/5207', '829/5790']","[1, 2, 4, 5, 7, 8, 9, 10, 11]",828980,100,393,5069,35068,10,236,OK
"L# (SepSeq, SepSeq)",81,"(SouchaSPY, 1, 1)",SouchaSPY,1,1,Y,NSS_3.17.4_client_regular.dot,7,8,Compressed,"['8/8', '15/38', '7/21', '2/8', '7/35', '14/92']","['1/2', '23/76', '50/200', '66/314', '51/298']","[1, 2, 3, 4, 5]",83024,53,202,191,890,6,10,OK
"L# (SepSeq, SepSeq)",81,"(SouchaSPY, 1, 1)",SouchaSPY,1,1,Y,OpenSSH.dot,31,22,Compressed,"['22/22', '43/108', '103/295', '89/264', '39/150', '61/233', '227/1140', '151/795', '70/417', '78/390', '87/518', '79/397', '98/653', '67/455', '46/319', '81/485', '83/514', '40/316', '103/798', '95/678']","['1/2', '2/6', '115/345', '942/3578', '1048/4168', '1457/7193', '464/2310', '1114/6312', '777/4662', '1382/8287', '117/702', '1400/8703', '315/2205', '52/360', '1063/7260', '1778/12445', '2779/20020', '638/5103', '1625/12964', '10737/113679']","[1, 2, 4, 5, 6, 7, 11, 13, 14, 15, 16, 17, 18, 19, 20, 21, 22, 23, 24, 25]",5791076,1662,8947,27806,220304,20,2994,NOK
"L# (SepSeq, SepSeq)",81,"(SouchaSPY, 2, 1)",SouchaSPY,2,1,Y,BitVise.dot,66,13,Compressed,"['13/13', '51/154', '50/170', '27/102', '37/171', '36/182', '249/2090', '40/272', '45/321', '38/304', '203/1788', '50/358', '59/483', '59/470', '73/651', '49/433', '61/615', '45/442', '86/881', '49/485', '51/502', '47/503', '99/1061', '55/618', '51/525', '54/631', '53/595', '55/658', '112/1308', '104/1151', '108/1377', '67/742', '54/639', '112/1350', '66/973', '59/765', '67/828', '115/1364', '109/1065', '59/745', '59/737', '76/991', '61/851']","['1/2', '26/104', '2229/10633', '3654/18270', '2156/10868', '2010/11965', '4940/32051', '112/783', '3400/25526', '2255/18029', '3174/25377', '113/902', '5560/47343', '404/3455', '3760/33835', '5877/52893', '8590/79331', '395/3942', '5969/59683', '4063/40626', '1388/13876', '19717/201683', '29542/329600', '5234/58767', '5841/66646', '926/11101', '3646/43682', '4171/49943', '11414/141970', '7994/89492', '11685/130661', '5538/66671', '4715/57224', '8275/97844', '3522/45683', '8585/108713', '6008/73244', '10087/122280', '17811/215873', '7946/102825', '16197/225738', '14448/217709']","[1, 4, 5, 6, 7, 8, 17, 18, 19, 20, 25, 26, 27, 28, 30, 31, 32, 33, 35, 36, 37, 38, 40, 41, 42, 43, 44, 45, 47, 49, 51, 52, 53, 55, 56, 57, 58, 60, 62, 63, 64, 65]",49353996,3013,30364,263378,2946843,43,135221,OK
"L# (SepSeq, SepSeq)",81,"(SouchaSPY, 2, 1)",SouchaSPY,2,1,Y,model4.dot,34,14,Compressed,"['14/14', '27/68', '41/151', '160/789', '120/698', '40/239', '346/2569', '117/935', '35/191', '56/303', '74/435', '125/1205', '372/2861', '14/110', '17/136', '31/261', '23/186', '72/600', '93/738', '22/201', '27/258']","['1/2', '359/2658', '240/1623', '2117/12773', '18/108', '980/6729', '7390/56739', '7945/76692', '200/1097', '600/4127', '11846/103960', '37145/451146', '4184/28394', '206/1303', '1757/13715', '5124/40981', '4629/35360', '4915/42057', '8239/74134', '5490/47940']","[1, 2, 3, 7, 9, 10, 15, 16, 17, 18, 19, 20, 26, 27, 28, 29, 30, 31, 32, 33]",23613816,1826,12948,103385,1001538,21,469591,OK
"L# (SepSeq, SepSeq)",81,"(SouchaSPY, 2, 1)",SouchaSPY,2,1,Y,OpenSSL_1.0.2_client_full.dot,9,10,Compressed,"['10/10', '12/34', '29/80', '20/77', '21/85', '18/89', '20/100', '26/158']","['8/16', '1/4', '1403/6427', '3204/17748', '2012/10605', '903/5418', '2200/15224']","[1, 2, 3, 4, 6, 7, 8]",1639656,156,633,9731,55442,8,376,OK
